Datetime,TNI,cash
2012-01-03 00:00:00+00:00,0.0,500000000.0
2012-01-04 00:00:00+00:00,0.0,500000000.0
2012-01-05 00:00:00+00:00,0.0,500000000.0
2012-01-06 00:00:00+00:00,0.0,500000000.0
2012-01-09 00:00:00+00:00,0.0,500000000.0
2012-01-10 00:00:00+00:00,0.0,500000000.0
2012-01-11 00:00:00+00:00,0.0,500000000.0
2012-01-12 00:00:00+00:00,0.0,500000000.0
2012-01-13 00:00:00+00:00,0.0,500000000.0
2012-01-16 00:00:00+00:00,0.0,500000000.0
2012-01-17 00:00:00+00:00,0.0,500000000.0
2012-01-18 00:00:00+00:00,0.0,500000000.0
2012-01-19 00:00:00+00:00,0.0,500000000.0
2012-01-20 00:00:00+00:00,0.0,500000000.0
2012-01-30 00:00:00+00:00,0.0,500000000.0
2012-01-31 00:00:00+00:00,0.0,500000000.0
2012-02-01 00:00:00+00:00,0.0,500000000.0
2012-02-02 00:00:00+00:00,0.0,500000000.0
2012-02-03 00:00:00+00:00,0.0,500000000.0
2012-02-06 00:00:00+00:00,0.0,500000000.0
2012-02-07 00:00:00+00:00,0.0,500000000.0
2012-02-08 00:00:00+00:00,0.0,500000000.0
2012-02-09 00:00:00+00:00,0.0,500000000.0
2012-02-10 00:00:00+00:00,0.0,500000000.0
2012-02-13 00:00:00+00:00,0.0,500000000.0
2012-02-14 00:00:00+00:00,0.0,500000000.0
2012-02-15 00:00:00+00:00,0.0,500000000.0
2012-02-16 00:00:00+00:00,0.0,500000000.0
2012-02-17 00:00:00+00:00,0.0,500000000.0
2012-02-20 00:00:00+00:00,0.0,500000000.0
2012-02-21 00:00:00+00:00,0.0,500000000.0
2012-02-22 00:00:00+00:00,0.0,500000000.0
2012-02-23 00:00:00+00:00,0.0,500000000.0
2012-02-24 00:00:00+00:00,0.0,500000000.0
2012-02-27 00:00:00+00:00,0.0,500000000.0
2012-02-28 00:00:00+00:00,0.0,500000000.0
2012-02-29 00:00:00+00:00,0.0,500000000.0
2012-03-01 00:00:00+00:00,0.0,500000000.0
2012-03-02 00:00:00+00:00,0.0,500000000.0
2012-03-05 00:00:00+00:00,0.0,500000000.0
2012-03-06 00:00:00+00:00,0.0,500000000.0
2012-03-07 00:00:00+00:00,0.0,500000000.0
2012-03-08 00:00:00+00:00,0.0,500000000.0
2012-03-09 00:00:00+00:00,0.0,500000000.0
2012-03-12 00:00:00+00:00,0.0,500000000.0
2012-03-13 00:00:00+00:00,0.0,500000000.0
2012-03-14 00:00:00+00:00,0.0,500000000.0
2012-03-15 00:00:00+00:00,0.0,500000000.0
2012-03-16 00:00:00+00:00,0.0,500000000.0
2012-03-19 00:00:00+00:00,0.0,500000000.0
2012-03-20 00:00:00+00:00,0.0,500000000.0
2012-03-21 00:00:00+00:00,0.0,500000000.0
2012-03-22 00:00:00+00:00,0.0,500000000.0
2012-03-23 00:00:00+00:00,0.0,500000000.0
2012-03-26 00:00:00+00:00,0.0,500000000.0
2012-03-27 00:00:00+00:00,0.0,500000000.0
2012-03-28 00:00:00+00:00,0.0,500000000.0
2012-03-29 00:00:00+00:00,0.0,500000000.0
2012-03-30 00:00:00+00:00,0.0,500000000.0
2012-04-03 00:00:00+00:00,0.0,500000000.0
2012-04-04 00:00:00+00:00,0.0,500000000.0
2012-04-05 00:00:00+00:00,0.0,500000000.0
2012-04-06 00:00:00+00:00,0.0,500000000.0
2012-04-09 00:00:00+00:00,0.0,500000000.0
2012-04-10 00:00:00+00:00,0.0,500000000.0
2012-04-11 00:00:00+00:00,0.0,500000000.0
2012-04-12 00:00:00+00:00,0.0,500000000.0
2012-04-13 00:00:00+00:00,0.0,500000000.0
2012-04-16 00:00:00+00:00,0.0,500000000.0
2012-04-17 00:00:00+00:00,0.0,500000000.0
2012-04-18 00:00:00+00:00,0.0,500000000.0
2012-04-19 00:00:00+00:00,0.0,500000000.0
2012-04-20 00:00:00+00:00,0.0,500000000.0
2012-04-23 00:00:00+00:00,0.0,500000000.0
2012-04-24 00:00:00+00:00,0.0,500000000.0
2012-04-25 00:00:00+00:00,0.0,500000000.0
2012-04-26 00:00:00+00:00,0.0,500000000.0
2012-04-27 00:00:00+00:00,0.0,500000000.0
2012-05-02 00:00:00+00:00,0.0,500000000.0
2012-05-03 00:00:00+00:00,0.0,500000000.0
2012-05-04 00:00:00+00:00,0.0,500000000.0
2012-05-07 00:00:00+00:00,0.0,500000000.0
2012-05-08 00:00:00+00:00,0.0,500000000.0
2012-05-09 00:00:00+00:00,0.0,500000000.0
2012-05-10 00:00:00+00:00,0.0,500000000.0
2012-05-11 00:00:00+00:00,0.0,500000000.0
2012-05-14 00:00:00+00:00,0.0,500000000.0
2012-05-15 00:00:00+00:00,0.0,500000000.0
2012-05-16 00:00:00+00:00,0.0,500000000.0
2012-05-17 00:00:00+00:00,0.0,500000000.0
2012-05-18 00:00:00+00:00,0.0,500000000.0
2012-05-21 00:00:00+00:00,0.0,500000000.0
2012-05-22 00:00:00+00:00,0.0,500000000.0
2012-05-23 00:00:00+00:00,0.0,500000000.0
2012-05-24 00:00:00+00:00,0.0,500000000.0
2012-05-25 00:00:00+00:00,0.0,500000000.0
2012-05-28 00:00:00+00:00,0.0,500000000.0
2012-05-29 00:00:00+00:00,0.0,500000000.0
2012-05-30 00:00:00+00:00,0.0,500000000.0
2012-05-31 00:00:00+00:00,0.0,500000000.0
2012-06-01 00:00:00+00:00,0.0,500000000.0
2012-06-04 00:00:00+00:00,0.0,500000000.0
2012-06-05 00:00:00+00:00,0.0,500000000.0
2012-06-06 00:00:00+00:00,0.0,500000000.0
2012-06-07 00:00:00+00:00,0.0,500000000.0
2012-06-08 00:00:00+00:00,0.0,500000000.0
2012-06-11 00:00:00+00:00,0.0,500000000.0
2012-06-12 00:00:00+00:00,0.0,500000000.0
2012-06-13 00:00:00+00:00,0.0,500000000.0
2012-06-14 00:00:00+00:00,0.0,500000000.0
2012-06-15 00:00:00+00:00,0.0,500000000.0
2012-06-18 00:00:00+00:00,0.0,500000000.0
2012-06-19 00:00:00+00:00,0.0,500000000.0
2012-06-20 00:00:00+00:00,0.0,500000000.0
2012-06-21 00:00:00+00:00,0.0,500000000.0
2012-06-22 00:00:00+00:00,0.0,500000000.0
2012-06-25 00:00:00+00:00,0.0,500000000.0
2012-06-26 00:00:00+00:00,0.0,500000000.0
2012-06-27 00:00:00+00:00,0.0,500000000.0
2012-06-28 00:00:00+00:00,0.0,500000000.0
2012-06-29 00:00:00+00:00,0.0,500000000.0
2012-07-02 00:00:00+00:00,0.0,500000000.0
2012-07-03 00:00:00+00:00,0.0,500000000.0
2012-07-04 00:00:00+00:00,0.0,500000000.0
2012-07-05 00:00:00+00:00,0.0,500000000.0
2012-07-06 00:00:00+00:00,0.0,500000000.0
2012-07-09 00:00:00+00:00,0.0,500000000.0
2012-07-10 00:00:00+00:00,0.0,500000000.0
2012-07-11 00:00:00+00:00,0.0,500000000.0
2012-07-12 00:00:00+00:00,0.0,500000000.0
2012-07-13 00:00:00+00:00,0.0,500000000.0
2012-07-16 00:00:00+00:00,0.0,500000000.0
2012-07-17 00:00:00+00:00,0.0,500000000.0
2012-07-18 00:00:00+00:00,0.0,500000000.0
2012-07-19 00:00:00+00:00,0.0,500000000.0
2012-07-20 00:00:00+00:00,0.0,500000000.0
2012-07-23 00:00:00+00:00,0.0,500000000.0
2012-07-24 00:00:00+00:00,0.0,500000000.0
2012-07-25 00:00:00+00:00,0.0,500000000.0
2012-07-26 00:00:00+00:00,0.0,500000000.0
2012-07-27 00:00:00+00:00,0.0,500000000.0
2012-07-30 00:00:00+00:00,0.0,500000000.0
2012-07-31 00:00:00+00:00,0.0,500000000.0
2012-08-01 00:00:00+00:00,0.0,500000000.0
2012-08-02 00:00:00+00:00,0.0,500000000.0
2012-08-03 00:00:00+00:00,0.0,500000000.0
2012-08-06 00:00:00+00:00,0.0,500000000.0
2012-08-07 00:00:00+00:00,0.0,500000000.0
2012-08-08 00:00:00+00:00,0.0,500000000.0
2012-08-09 00:00:00+00:00,0.0,500000000.0
2012-08-10 00:00:00+00:00,0.0,500000000.0
2012-08-13 00:00:00+00:00,0.0,500000000.0
2012-08-14 00:00:00+00:00,0.0,500000000.0
2012-08-15 00:00:00+00:00,0.0,500000000.0
2012-08-16 00:00:00+00:00,0.0,500000000.0
2012-08-17 00:00:00+00:00,0.0,500000000.0
2012-08-20 00:00:00+00:00,0.0,500000000.0
2012-08-21 00:00:00+00:00,0.0,500000000.0
2012-08-22 00:00:00+00:00,0.0,500000000.0
2012-08-23 00:00:00+00:00,0.0,500000000.0
2012-08-24 00:00:00+00:00,0.0,500000000.0
2012-08-27 00:00:00+00:00,0.0,500000000.0
2012-08-28 00:00:00+00:00,0.0,500000000.0
2012-08-29 00:00:00+00:00,0.0,500000000.0
2012-08-30 00:00:00+00:00,0.0,500000000.0
2012-08-31 00:00:00+00:00,0.0,500000000.0
2012-09-04 00:00:00+00:00,0.0,500000000.0
2012-09-05 00:00:00+00:00,0.0,500000000.0
2012-09-06 00:00:00+00:00,0.0,500000000.0
2012-09-07 00:00:00+00:00,0.0,500000000.0
2012-09-10 00:00:00+00:00,0.0,500000000.0
2012-09-11 00:00:00+00:00,0.0,500000000.0
2012-09-12 00:00:00+00:00,0.0,500000000.0
2012-09-13 00:00:00+00:00,0.0,500000000.0
2012-09-14 00:00:00+00:00,0.0,500000000.0
2012-09-17 00:00:00+00:00,0.0,500000000.0
2012-09-18 00:00:00+00:00,0.0,500000000.0
2012-09-19 00:00:00+00:00,0.0,500000000.0
2012-09-20 00:00:00+00:00,0.0,500000000.0
2012-09-21 00:00:00+00:00,0.0,500000000.0
2012-09-24 00:00:00+00:00,0.0,500000000.0
2012-09-25 00:00:00+00:00,0.0,500000000.0
2012-09-26 00:00:00+00:00,0.0,500000000.0
2012-09-27 00:00:00+00:00,0.0,500000000.0
2012-09-28 00:00:00+00:00,0.0,500000000.0
2012-10-01 00:00:00+00:00,0.0,500000000.0
2012-10-02 00:00:00+00:00,0.0,500000000.0
2012-10-03 00:00:00+00:00,0.0,500000000.0
2012-10-04 00:00:00+00:00,0.0,500000000.0
2012-10-05 00:00:00+00:00,0.0,500000000.0
2012-10-08 00:00:00+00:00,0.0,500000000.0
2012-10-09 00:00:00+00:00,0.0,500000000.0
2012-10-10 00:00:00+00:00,0.0,500000000.0
2012-10-11 00:00:00+00:00,0.0,500000000.0
2012-10-12 00:00:00+00:00,0.0,500000000.0
2012-10-15 00:00:00+00:00,0.0,500000000.0
2012-10-16 00:00:00+00:00,0.0,500000000.0
2012-10-17 00:00:00+00:00,0.0,500000000.0
2012-10-18 00:00:00+00:00,0.0,500000000.0
2012-10-19 00:00:00+00:00,0.0,500000000.0
2012-10-22 00:00:00+00:00,0.0,97685487.86497529
2012-10-23 00:00:00+00:00,0.0,97685487.86497529
2012-10-24 00:00:00+00:00,0.0,97685487.86497529
2012-10-25 00:00:00+00:00,0.0,97685487.86497529
2012-10-26 00:00:00+00:00,0.0,97685487.86497529
2012-10-29 00:00:00+00:00,0.0,100451217.17462455
2012-10-30 00:00:00+00:00,0.0,100451217.17462455
2012-10-31 00:00:00+00:00,0.0,100451217.17462455
2012-11-01 00:00:00+00:00,0.0,100451217.17462455
2012-11-02 00:00:00+00:00,0.0,100451217.17462455
2012-11-05 00:00:00+00:00,0.0,92526218.64901054
2012-11-06 00:00:00+00:00,0.0,92526218.64901054
2012-11-07 00:00:00+00:00,0.0,92526218.64901054
2012-11-08 00:00:00+00:00,0.0,92526218.64901054
2012-11-09 00:00:00+00:00,0.0,92526218.64901054
2012-11-12 00:00:00+00:00,0.0,93975111.4831565
2012-11-13 00:00:00+00:00,0.0,93975111.4831565
2012-11-14 00:00:00+00:00,0.0,93975111.4831565
2012-11-15 00:00:00+00:00,0.0,93975111.4831565
2012-11-16 00:00:00+00:00,0.0,93975111.4831565
2012-11-19 00:00:00+00:00,0.0,94399492.93677399
2012-11-20 00:00:00+00:00,0.0,94399492.93677399
2012-11-21 00:00:00+00:00,0.0,94399492.93677399
2012-11-22 00:00:00+00:00,0.0,94399492.93677399
2012-11-23 00:00:00+00:00,0.0,94399492.93677399
2012-11-26 00:00:00+00:00,0.0,96305155.0127995
2012-11-27 00:00:00+00:00,0.0,96305155.0127995
2012-11-28 00:00:00+00:00,0.0,96305155.0127995
2012-11-29 00:00:00+00:00,0.0,96305155.0127995
2012-11-30 00:00:00+00:00,0.0,96305155.0127995
2012-12-03 00:00:00+00:00,0.0,91854232.04142399
2012-12-04 00:00:00+00:00,0.0,91854232.04142399
2012-12-05 00:00:00+00:00,0.0,91854232.04142399
2012-12-06 00:00:00+00:00,0.0,91854232.04142399
2012-12-07 00:00:00+00:00,0.0,91854232.04142399
2012-12-10 00:00:00+00:00,0.0,98147257.12748647
2012-12-11 00:00:00+00:00,0.0,98147257.12748647
2012-12-12 00:00:00+00:00,0.0,98147257.12748647
2012-12-13 00:00:00+00:00,0.0,98147257.12748647
2012-12-14 00:00:00+00:00,0.0,98147257.12748647
2012-12-17 00:00:00+00:00,0.0,95396376.48575948
2012-12-18 00:00:00+00:00,0.0,95396376.48575948
2012-12-19 00:00:00+00:00,0.0,95396376.48575948
2012-12-20 00:00:00+00:00,0.0,95396376.48575948
2012-12-21 00:00:00+00:00,0.0,95396376.48575948
2012-12-24 00:00:00+00:00,0.0,99009096.36579953
2012-12-25 00:00:00+00:00,0.0,99009096.36579953
2012-12-26 00:00:00+00:00,0.0,99009096.36579953
2012-12-27 00:00:00+00:00,0.0,99009096.36579953
2012-12-28 00:00:00+00:00,0.0,99009096.36579953
2013-01-02 00:00:00+00:00,0.0,103823982.00261955
2013-01-03 00:00:00+00:00,0.0,103823982.00261955
2013-01-04 00:00:00+00:00,0.0,103823982.00261955
2013-01-07 00:00:00+00:00,0.0,103823982.00261955
2013-01-08 00:00:00+00:00,0.0,103823982.00261955
2013-01-09 00:00:00+00:00,0.0,107219790.7368278
2013-01-10 00:00:00+00:00,0.0,107219790.7368278
2013-01-11 00:00:00+00:00,0.0,107219790.7368278
2013-01-14 00:00:00+00:00,0.0,107219790.7368278
2013-01-15 00:00:00+00:00,0.0,107219790.7368278
2013-01-16 00:00:00+00:00,0.0,111154102.88317958
2013-01-17 00:00:00+00:00,0.0,111154102.88317958
2013-01-18 00:00:00+00:00,0.0,111154102.88317958
2013-01-21 00:00:00+00:00,0.0,111154102.88317958
2013-01-22 00:00:00+00:00,0.0,111154102.88317958
2013-01-23 00:00:00+00:00,0.0,109103811.07169957
2013-01-24 00:00:00+00:00,0.0,109103811.07169957
2013-01-25 00:00:00+00:00,0.0,109103811.07169957
2013-01-28 00:00:00+00:00,0.0,109103811.07169957
2013-01-29 00:00:00+00:00,0.0,109103811.07169957
2013-01-30 00:00:00+00:00,0.0,110822883.12965156
2013-01-31 00:00:00+00:00,0.0,110822883.12965156
2013-02-01 00:00:00+00:00,0.0,110822883.12965156
2013-02-04 00:00:00+00:00,0.0,110822883.12965156
2013-02-05 00:00:00+00:00,0.0,110822883.12965156
2013-02-06 00:00:00+00:00,0.0,111738632.04223886
2013-02-07 00:00:00+00:00,0.0,111738632.04223886
2013-02-08 00:00:00+00:00,0.0,111738632.04223886
2013-02-18 00:00:00+00:00,0.0,111738632.04223886
2013-02-19 00:00:00+00:00,0.0,111738632.04223886
2013-02-20 00:00:00+00:00,0.0,118596202.21504705
2013-02-21 00:00:00+00:00,0.0,118596202.21504705
2013-02-22 00:00:00+00:00,0.0,118596202.21504705
2013-02-25 00:00:00+00:00,0.0,118596202.21504705
2013-02-26 00:00:00+00:00,0.0,118596202.21504705
2013-02-27 00:00:00+00:00,0.0,110113357.03021112
2013-02-28 00:00:00+00:00,0.0,110113357.03021112
2013-03-01 00:00:00+00:00,0.0,110113357.03021112
2013-03-04 00:00:00+00:00,0.0,110113357.03021112
2013-03-05 00:00:00+00:00,0.0,110113357.03021112
2013-03-06 00:00:00+00:00,0.0,108413242.42753084
2013-03-07 00:00:00+00:00,0.0,108413242.42753084
2013-03-08 00:00:00+00:00,0.0,108413242.42753084
2013-03-11 00:00:00+00:00,0.0,108413242.42753084
2013-03-12 00:00:00+00:00,0.0,108413242.42753084
2013-03-13 00:00:00+00:00,0.0,108781933.83352439
2013-03-14 00:00:00+00:00,0.0,108781933.83352439
2013-03-15 00:00:00+00:00,0.0,108781933.83352439
2013-03-18 00:00:00+00:00,0.0,108781933.83352439
2013-03-19 00:00:00+00:00,0.0,108781933.83352439
2013-03-20 00:00:00+00:00,0.0,110801964.77378589
2013-03-21 00:00:00+00:00,0.0,110801964.77378589
2013-03-22 00:00:00+00:00,0.0,110801964.77378589
2013-03-25 00:00:00+00:00,0.0,110801964.77378589
2013-03-26 00:00:00+00:00,0.0,110801964.77378589
2013-03-27 00:00:00+00:00,0.0,111961672.29308137
2013-03-28 00:00:00+00:00,0.0,111961672.29308137
2013-03-29 00:00:00+00:00,0.0,111961672.29308137
2013-04-01 00:00:00+00:00,0.0,111961672.29308137
2013-04-02 00:00:00+00:00,0.0,111961672.29308137
2013-04-03 00:00:00+00:00,0.0,113380484.97554153
2013-04-04 00:00:00+00:00,0.0,113380484.97554153
2013-04-05 00:00:00+00:00,0.0,113380484.97554153
2013-04-08 00:00:00+00:00,0.0,113380484.97554153
2013-04-09 00:00:00+00:00,0.0,113380484.97554153
2013-04-10 00:00:00+00:00,0.0,113823616.0893643
2013-04-11 00:00:00+00:00,0.0,113823616.0893643
2013-04-12 00:00:00+00:00,0.0,113823616.0893643
2013-04-15 00:00:00+00:00,0.0,113823616.0893643
2013-04-16 00:00:00+00:00,0.0,113823616.0893643
2013-04-17 00:00:00+00:00,0.0,111827465.13168657
2013-04-18 00:00:00+00:00,0.0,111827465.13168657
2013-04-22 00:00:00+00:00,0.0,111827465.13168657
2013-04-23 00:00:00+00:00,0.0,111827465.13168657
2013-04-24 00:00:00+00:00,0.0,111827465.13168657
2013-04-25 00:00:00+00:00,0.0,111253720.03454956
2013-04-26 00:00:00+00:00,0.0,111253720.03454956
2013-05-02 00:00:00+00:00,0.0,111253720.03454956
2013-05-03 00:00:00+00:00,0.0,111253720.03454956
2013-05-06 00:00:00+00:00,0.0,111253720.03454956
2013-05-07 00:00:00+00:00,0.0,111258559.99737279
2013-05-08 00:00:00+00:00,0.0,111258559.99737279
2013-05-09 00:00:00+00:00,0.0,111258559.99737279
2013-05-10 00:00:00+00:00,0.0,111258559.99737279
2013-05-13 00:00:00+00:00,0.0,111258559.99737279
2013-05-14 00:00:00+00:00,0.0,111879853.54265416
2013-05-15 00:00:00+00:00,0.0,111879853.54265416
2013-05-16 00:00:00+00:00,0.0,111879853.54265416
2013-05-17 00:00:00+00:00,0.0,111879853.54265416
2013-05-20 00:00:00+00:00,0.0,111879853.54265416
2013-05-21 00:00:00+00:00,0.0,115836295.28347148
2013-05-22 00:00:00+00:00,0.0,115836295.28347148
2013-05-23 00:00:00+00:00,0.0,115836295.28347148
2013-05-24 00:00:00+00:00,0.0,115836295.28347148
2013-05-27 00:00:00+00:00,0.0,115836295.28347148
2013-05-28 00:00:00+00:00,0.0,114502098.68336314
2013-05-29 00:00:00+00:00,0.0,114502098.68336314
2013-05-30 00:00:00+00:00,0.0,114502098.68336314
2013-05-31 00:00:00+00:00,0.0,114502098.68336314
2013-06-03 00:00:00+00:00,0.0,114502098.68336314
2013-06-04 00:00:00+00:00,0.0,117313520.88187483
2013-06-05 00:00:00+00:00,0.0,117313520.88187483
2013-06-06 00:00:00+00:00,0.0,117313520.88187483
2013-06-07 00:00:00+00:00,0.0,117313520.88187483
2013-06-10 00:00:00+00:00,0.0,117313520.88187483
2013-06-11 00:00:00+00:00,0.0,120426063.60718289
2013-06-12 00:00:00+00:00,0.0,120426063.60718289
2013-06-13 00:00:00+00:00,0.0,120426063.60718289
2013-06-14 00:00:00+00:00,0.0,120426063.60718289
2013-06-17 00:00:00+00:00,0.0,120426063.60718289
2013-06-18 00:00:00+00:00,0.0,115257945.34893356
2013-06-19 00:00:00+00:00,0.0,115257945.34893356
2013-06-20 00:00:00+00:00,0.0,115257945.34893356
2013-06-21 00:00:00+00:00,0.0,115257945.34893356
2013-06-24 00:00:00+00:00,0.0,115257945.34893356
2013-06-25 00:00:00+00:00,0.0,114526503.06441231
2013-06-26 00:00:00+00:00,0.0,114526503.06441231
2013-06-27 00:00:00+00:00,0.0,114526503.06441231
2013-06-28 00:00:00+00:00,0.0,114526503.06441231
2013-07-01 00:00:00+00:00,0.0,114526503.06441231
2013-07-02 00:00:00+00:00,0.0,113162800.33593068
2013-07-03 00:00:00+00:00,0.0,113162800.33593068
2013-07-04 00:00:00+00:00,0.0,113162800.33593068
2013-07-05 00:00:00+00:00,0.0,113162800.33593068
2013-07-08 00:00:00+00:00,0.0,113162800.33593068
2013-07-09 00:00:00+00:00,0.0,115247624.89534266
2013-07-10 00:00:00+00:00,0.0,115247624.89534266
2013-07-11 00:00:00+00:00,0.0,115247624.89534266
2013-07-12 00:00:00+00:00,0.0,115247624.89534266
2013-07-15 00:00:00+00:00,0.0,115247624.89534266
2013-07-16 00:00:00+00:00,0.0,114771545.5449741
2013-07-17 00:00:00+00:00,0.0,114771545.5449741
2013-07-18 00:00:00+00:00,0.0,114771545.5449741
2013-07-19 00:00:00+00:00,0.0,114771545.5449741
2013-07-22 00:00:00+00:00,0.0,114771545.5449741
2013-07-23 00:00:00+00:00,0.0,115038394.56816128
2013-07-24 00:00:00+00:00,0.0,115038394.56816128
2013-07-25 00:00:00+00:00,0.0,115038394.56816128
2013-07-26 00:00:00+00:00,0.0,115038394.56816128
2013-07-29 00:00:00+00:00,0.0,115038394.56816128
2013-07-30 00:00:00+00:00,0.0,111418772.56409952
2013-07-31 00:00:00+00:00,0.0,111418772.56409952
2013-08-01 00:00:00+00:00,0.0,111418772.56409952
2013-08-02 00:00:00+00:00,0.0,111418772.56409952
2013-08-05 00:00:00+00:00,0.0,111418772.56409952
2013-08-06 00:00:00+00:00,0.0,115839561.2020673
2013-08-07 00:00:00+00:00,0.0,115839561.2020673
2013-08-08 00:00:00+00:00,0.0,115839561.2020673
2013-08-09 00:00:00+00:00,0.0,115839561.2020673
2013-08-12 00:00:00+00:00,0.0,115839561.2020673
2013-08-13 00:00:00+00:00,0.0,116486321.01725204
2013-08-14 00:00:00+00:00,0.0,116486321.01725204
2013-08-15 00:00:00+00:00,0.0,116486321.01725204
2013-08-16 00:00:00+00:00,0.0,116486321.01725204
2013-08-19 00:00:00+00:00,0.0,116486321.01725204
2013-08-20 00:00:00+00:00,0.0,117704000.0828631
2013-08-21 00:00:00+00:00,0.0,117704000.0828631
2013-08-22 00:00:00+00:00,0.0,117704000.0828631
2013-08-23 00:00:00+00:00,0.0,117704000.0828631
2013-08-26 00:00:00+00:00,0.0,117704000.0828631
2013-08-27 00:00:00+00:00,0.0,118825780.59880905
2013-08-28 00:00:00+00:00,0.0,118825780.59880905
2013-08-29 00:00:00+00:00,0.0,118825780.59880905
2013-08-30 00:00:00+00:00,0.0,118825780.59880905
2013-09-03 00:00:00+00:00,0.0,118825780.59880905
2013-09-04 00:00:00+00:00,0.0,114846870.17209777
2013-09-05 00:00:00+00:00,0.0,114846870.17209777
2013-09-06 00:00:00+00:00,0.0,114846870.17209777
2013-09-09 00:00:00+00:00,0.0,114846870.17209777
2013-09-10 00:00:00+00:00,0.0,114846870.17209777
2013-09-11 00:00:00+00:00,0.0,116962271.33808304
2013-09-12 00:00:00+00:00,0.0,116962271.33808304
2013-09-13 00:00:00+00:00,0.0,116962271.33808304
2013-09-16 00:00:00+00:00,0.0,116962271.33808304
2013-09-17 00:00:00+00:00,0.0,116962271.33808304
2013-09-18 00:00:00+00:00,0.0,116563889.89483838
2013-09-19 00:00:00+00:00,0.0,116563889.89483838
2013-09-20 00:00:00+00:00,0.0,116563889.89483838
2013-09-23 00:00:00+00:00,0.0,116563889.89483838
2013-09-24 00:00:00+00:00,0.0,116563889.89483838
2013-09-25 00:00:00+00:00,0.0,117153261.26340736
2013-09-26 00:00:00+00:00,0.0,117153261.26340736
2013-09-27 00:00:00+00:00,0.0,117153261.26340736
2013-09-30 00:00:00+00:00,0.0,117153261.26340736
2013-10-01 00:00:00+00:00,0.0,117153261.26340736
2013-10-02 00:00:00+00:00,0.0,119514795.21894836
2013-10-03 00:00:00+00:00,0.0,119514795.21894836
2013-10-04 00:00:00+00:00,0.0,119514795.21894836
2013-10-07 00:00:00+00:00,0.0,119514795.21894836
2013-10-08 00:00:00+00:00,0.0,119514795.21894836
2013-10-09 00:00:00+00:00,0.0,121430228.52990039
2013-10-10 00:00:00+00:00,0.0,121430228.52990039
2013-10-11 00:00:00+00:00,0.0,121430228.52990039
2013-10-14 00:00:00+00:00,0.0,121430228.52990039
2013-10-15 00:00:00+00:00,0.0,121430228.52990039
2013-10-16 00:00:00+00:00,0.0,121597504.41105315
2013-10-17 00:00:00+00:00,0.0,121597504.41105315
2013-10-18 00:00:00+00:00,0.0,121597504.41105315
2013-10-21 00:00:00+00:00,0.0,121597504.41105315
2013-10-22 00:00:00+00:00,0.0,121597504.41105315
2013-10-23 00:00:00+00:00,0.0,123691858.46272235
2013-10-24 00:00:00+00:00,0.0,123691858.46272235
2013-10-25 00:00:00+00:00,0.0,123691858.46272235
2013-10-28 00:00:00+00:00,0.0,123691858.46272235
2013-10-29 00:00:00+00:00,0.0,123691858.46272235
2013-10-30 00:00:00+00:00,0.0,123938722.0037726
2013-10-31 00:00:00+00:00,0.0,123938722.0037726
2013-11-01 00:00:00+00:00,0.0,123938722.0037726
2013-11-04 00:00:00+00:00,0.0,123938722.0037726
2013-11-05 00:00:00+00:00,0.0,123938722.0037726
2013-11-06 00:00:00+00:00,0.0,123854322.93951094
2013-11-07 00:00:00+00:00,0.0,123854322.93951094
2013-11-08 00:00:00+00:00,0.0,123854322.93951094
2013-11-11 00:00:00+00:00,0.0,123854322.93951094
2013-11-12 00:00:00+00:00,0.0,123854322.93951094
2013-11-13 00:00:00+00:00,0.0,125641168.60121073
2013-11-14 00:00:00+00:00,0.0,125641168.60121073
2013-11-15 00:00:00+00:00,0.0,125641168.60121073
2013-11-18 00:00:00+00:00,0.0,125641168.60121073
2013-11-19 00:00:00+00:00,0.0,125641168.60121073
2013-11-20 00:00:00+00:00,0.0,128004858.00081494
2013-11-21 00:00:00+00:00,0.0,128004858.00081494
2013-11-22 00:00:00+00:00,0.0,128004858.00081494
2013-11-25 00:00:00+00:00,0.0,128004858.00081494
2013-11-26 00:00:00+00:00,0.0,128004858.00081494
2013-11-27 00:00:00+00:00,0.0,128917470.61434089
2013-11-28 00:00:00+00:00,0.0,128917470.61434089
2013-11-29 00:00:00+00:00,0.0,128917470.61434089
2013-12-02 00:00:00+00:00,0.0,128917470.61434089
2013-12-03 00:00:00+00:00,0.0,128917470.61434089
2013-12-04 00:00:00+00:00,0.0,131198273.25918515
2013-12-05 00:00:00+00:00,0.0,131198273.25918515
2013-12-06 00:00:00+00:00,0.0,131198273.25918515
2013-12-09 00:00:00+00:00,0.0,131198273.25918515
2013-12-10 00:00:00+00:00,0.0,131198273.25918515
2013-12-11 00:00:00+00:00,0.0,131431011.41716391
2013-12-12 00:00:00+00:00,0.0,131431011.41716391
2013-12-13 00:00:00+00:00,0.0,131431011.41716391
2013-12-16 00:00:00+00:00,0.0,131431011.41716391
2013-12-17 00:00:00+00:00,0.0,131431011.41716391
2013-12-18 00:00:00+00:00,0.0,131210338.43004057
2013-12-19 00:00:00+00:00,0.0,131210338.43004057
2013-12-20 00:00:00+00:00,0.0,131210338.43004057
2013-12-23 00:00:00+00:00,0.0,131210338.43004057
2013-12-24 00:00:00+00:00,0.0,131210338.43004057
2013-12-25 00:00:00+00:00,0.0,134324886.257808
2013-12-26 00:00:00+00:00,0.0,134324886.257808
2013-12-27 00:00:00+00:00,0.0,134324886.257808
2013-12-30 00:00:00+00:00,0.0,134324886.257808
2013-12-31 00:00:00+00:00,0.0,134324886.257808
2014-01-02 00:00:00+00:00,0.0,134346289.19400698
2014-01-03 00:00:00+00:00,0.0,134346289.19400698
2014-01-06 00:00:00+00:00,0.0,134346289.19400698
2014-01-07 00:00:00+00:00,0.0,134346289.19400698
2014-01-08 00:00:00+00:00,0.0,134346289.19400698
2014-01-09 00:00:00+00:00,0.0,135603545.73174313
2014-01-10 00:00:00+00:00,0.0,135603545.73174313
2014-01-13 00:00:00+00:00,0.0,135603545.73174313
2014-01-14 00:00:00+00:00,0.0,135603545.73174313
2014-01-15 00:00:00+00:00,0.0,135603545.73174313
2014-01-16 00:00:00+00:00,0.0,139682313.64169827
2014-01-17 00:00:00+00:00,0.0,139682313.64169827
2014-01-20 00:00:00+00:00,0.0,139682313.64169827
2014-01-21 00:00:00+00:00,0.0,139682313.64169827
2014-01-22 00:00:00+00:00,0.0,139682313.64169827
2014-01-23 00:00:00+00:00,0.0,141214383.45210183
2014-01-24 00:00:00+00:00,0.0,141214383.45210183
2014-01-27 00:00:00+00:00,0.0,141214383.45210183
2014-02-06 00:00:00+00:00,0.0,141214383.45210183
2014-02-07 00:00:00+00:00,0.0,141214383.45210183
2014-02-10 00:00:00+00:00,0.0,145172397.24458545
2014-02-11 00:00:00+00:00,0.0,145172397.24458545
2014-02-12 00:00:00+00:00,0.0,145172397.24458545
2014-02-13 00:00:00+00:00,0.0,145172397.24458545
2014-02-14 00:00:00+00:00,0.0,145172397.24458545
2014-02-17 00:00:00+00:00,0.0,152297244.5680598
2014-02-18 00:00:00+00:00,0.0,152297244.5680598
2014-02-19 00:00:00+00:00,0.0,152297244.5680598
2014-02-20 00:00:00+00:00,0.0,152297244.5680598
2014-02-21 00:00:00+00:00,0.0,152297244.5680598
2014-02-24 00:00:00+00:00,0.0,153176524.82594362
2014-02-25 00:00:00+00:00,0.0,153176524.82594362
2014-02-26 00:00:00+00:00,0.0,153176524.82594362
2014-02-27 00:00:00+00:00,0.0,153176524.82594362
2014-02-28 00:00:00+00:00,0.0,153176524.82594362
2014-03-03 00:00:00+00:00,0.0,158026264.70297718
2014-03-04 00:00:00+00:00,0.0,158026264.70297718
2014-03-05 00:00:00+00:00,0.0,158026264.70297718
2014-03-06 00:00:00+00:00,0.0,158026264.70297718
2014-03-07 00:00:00+00:00,0.0,158026264.70297718
2014-03-10 00:00:00+00:00,0.0,158409344.0445967
2014-03-11 00:00:00+00:00,0.0,158409344.0445967
2014-03-12 00:00:00+00:00,0.0,158409344.0445967
2014-03-13 00:00:00+00:00,0.0,158409344.0445967
2014-03-14 00:00:00+00:00,0.0,158409344.0445967
2014-03-17 00:00:00+00:00,0.0,161994784.9977047
2014-03-18 00:00:00+00:00,0.0,161994784.9977047
2014-03-19 00:00:00+00:00,0.0,161994784.9977047
2014-03-20 00:00:00+00:00,0.0,161994784.9977047
2014-03-21 00:00:00+00:00,0.0,161994784.9977047
2014-03-24 00:00:00+00:00,0.0,166694408.67926446
2014-03-25 00:00:00+00:00,0.0,166694408.67926446
2014-03-26 00:00:00+00:00,0.0,166694408.67926446
2014-03-27 00:00:00+00:00,0.0,166694408.67926446
2014-03-28 00:00:00+00:00,0.0,166694408.67926446
2014-03-31 00:00:00+00:00,0.0,168022983.2401597
2014-04-01 00:00:00+00:00,0.0,168022983.2401597
2014-04-02 00:00:00+00:00,0.0,168022983.2401597
2014-04-03 00:00:00+00:00,0.0,168022983.2401597
2014-04-04 00:00:00+00:00,0.0,168022983.2401597
2014-04-07 00:00:00+00:00,0.0,167791200.7825458
2014-04-08 00:00:00+00:00,0.0,167791200.7825458
2014-04-10 00:00:00+00:00,0.0,167791200.7825458
2014-04-11 00:00:00+00:00,0.0,167791200.7825458
2014-04-14 00:00:00+00:00,0.0,167791200.7825458
2014-04-15 00:00:00+00:00,0.0,168518940.49625295
2014-04-16 00:00:00+00:00,0.0,168518940.49625295
2014-04-17 00:00:00+00:00,0.0,168518940.49625295
2014-04-18 00:00:00+00:00,0.0,168518940.49625295
2014-04-21 00:00:00+00:00,0.0,168518940.49625295
2014-04-22 00:00:00+00:00,0.0,158427387.16336104
2014-04-23 00:00:00+00:00,0.0,158427387.16336104
2014-04-24 00:00:00+00:00,0.0,158427387.16336104
2014-04-25 00:00:00+00:00,0.0,158427387.16336104
2014-04-28 00:00:00+00:00,0.0,158427387.16336104
2014-04-29 00:00:00+00:00,0.0,157912699.10048985
2014-05-05 00:00:00+00:00,0.0,157912699.10048985
2014-05-06 00:00:00+00:00,0.0,157912699.10048985
2014-05-07 00:00:00+00:00,0.0,157912699.10048985
2014-05-08 00:00:00+00:00,0.0,157912699.10048985
2014-05-09 00:00:00+00:00,0.0,143190276.70837554
2014-05-12 00:00:00+00:00,0.0,143190276.70837554
2014-05-13 00:00:00+00:00,0.0,143190276.70837554
2014-05-14 00:00:00+00:00,0.0,143190276.70837554
2014-05-15 00:00:00+00:00,0.0,143190276.70837554
2014-05-16 00:00:00+00:00,0.0,148451743.14963225
2014-05-19 00:00:00+00:00,0.0,148451743.14963225
2014-05-20 00:00:00+00:00,0.0,148451743.14963225
2014-05-21 00:00:00+00:00,0.0,148451743.14963225
2014-05-22 00:00:00+00:00,0.0,148451743.14963225
2014-05-23 00:00:00+00:00,0.0,154125352.72259396
2014-05-26 00:00:00+00:00,0.0,154125352.72259396
2014-05-27 00:00:00+00:00,0.0,154125352.72259396
2014-05-28 00:00:00+00:00,0.0,154125352.72259396
2014-05-29 00:00:00+00:00,0.0,154125352.72259396
2014-05-30 00:00:00+00:00,0.0,144145445.3246336
2014-06-02 00:00:00+00:00,0.0,144145445.3246336
2014-06-03 00:00:00+00:00,0.0,144145445.3246336
2014-06-04 00:00:00+00:00,0.0,144145445.3246336
2014-06-05 00:00:00+00:00,0.0,144145445.3246336
2014-06-06 00:00:00+00:00,0.0,151354746.03768063
2014-06-09 00:00:00+00:00,0.0,151354746.03768063
2014-06-10 00:00:00+00:00,0.0,151354746.03768063
2014-06-11 00:00:00+00:00,0.0,151354746.03768063
2014-06-12 00:00:00+00:00,0.0,151354746.03768063
2014-06-13 00:00:00+00:00,0.0,154015221.10078537
2014-06-16 00:00:00+00:00,0.0,154015221.10078537
2014-06-17 00:00:00+00:00,0.0,154015221.10078537
2014-06-18 00:00:00+00:00,0.0,154015221.10078537
2014-06-19 00:00:00+00:00,0.0,154015221.10078537
2014-06-20 00:00:00+00:00,0.0,152363264.8130887
2014-06-23 00:00:00+00:00,0.0,152363264.8130887
2014-06-24 00:00:00+00:00,0.0,152363264.8130887
2014-06-25 00:00:00+00:00,0.0,152363264.8130887
2014-06-26 00:00:00+00:00,0.0,152363264.8130887
2014-06-27 00:00:00+00:00,0.0,155120755.03151116
2014-06-30 00:00:00+00:00,0.0,155120755.03151116
2014-07-01 00:00:00+00:00,0.0,155120755.03151116
2014-07-02 00:00:00+00:00,0.0,155120755.03151116
2014-07-03 00:00:00+00:00,0.0,155120755.03151116
2014-07-04 00:00:00+00:00,0.0,153858792.57102746
2014-07-07 00:00:00+00:00,0.0,153858792.57102746
2014-07-08 00:00:00+00:00,0.0,153858792.57102746
2014-07-09 00:00:00+00:00,0.0,153858792.57102746
2014-07-10 00:00:00+00:00,0.0,153858792.57102746
2014-07-11 00:00:00+00:00,0.0,157576677.8324824
2014-07-14 00:00:00+00:00,0.0,157576677.8324824
2014-07-15 00:00:00+00:00,0.0,157576677.8324824
2014-07-16 00:00:00+00:00,0.0,157576677.8324824
2014-07-17 00:00:00+00:00,0.0,157576677.8324824
2014-07-18 00:00:00+00:00,0.0,156223168.32123068
2014-07-21 00:00:00+00:00,0.0,156223168.32123068
2014-07-22 00:00:00+00:00,0.0,156223168.32123068
2014-07-23 00:00:00+00:00,0.0,156223168.32123068
2014-07-24 00:00:00+00:00,0.0,156223168.32123068
2014-07-25 00:00:00+00:00,0.0,159908956.59976792
2014-07-28 00:00:00+00:00,0.0,159908956.59976792
2014-07-29 00:00:00+00:00,0.0,159908956.59976792
2014-07-30 00:00:00+00:00,0.0,159908956.59976792
2014-07-31 00:00:00+00:00,0.0,159908956.59976792
2014-08-01 00:00:00+00:00,0.0,156679264.6020002
2014-08-04 00:00:00+00:00,0.0,156679264.6020002
2014-08-05 00:00:00+00:00,0.0,156679264.6020002
2014-08-06 00:00:00+00:00,0.0,156679264.6020002
2014-08-07 00:00:00+00:00,0.0,156679264.6020002
2014-08-08 00:00:00+00:00,0.0,160441063.04869968
2014-08-11 00:00:00+00:00,0.0,160441063.04869968
2014-08-12 00:00:00+00:00,0.0,160441063.04869968
2014-08-13 00:00:00+00:00,0.0,160441063.04869968
2014-08-14 00:00:00+00:00,0.0,160441063.04869968
2014-08-15 00:00:00+00:00,0.0,162684150.98019084
2014-08-18 00:00:00+00:00,0.0,162684150.98019084
2014-08-19 00:00:00+00:00,0.0,162684150.98019084
2014-08-20 00:00:00+00:00,0.0,162684150.98019084
2014-08-21 00:00:00+00:00,0.0,162684150.98019084
2014-08-22 00:00:00+00:00,0.0,164744050.9737896
2014-08-25 00:00:00+00:00,0.0,164744050.9737896
2014-08-26 00:00:00+00:00,0.0,164744050.9737896
2014-08-27 00:00:00+00:00,0.0,164744050.9737896
2014-08-28 00:00:00+00:00,0.0,164744050.9737896
2014-08-29 00:00:00+00:00,0.0,171109510.22628063
2014-09-03 00:00:00+00:00,0.0,171109510.22628063
2014-09-04 00:00:00+00:00,0.0,171109510.22628063
2014-09-05 00:00:00+00:00,0.0,171109510.22628063
2014-09-08 00:00:00+00:00,0.0,171109510.22628063
2014-09-09 00:00:00+00:00,0.0,174506373.07712066
2014-09-10 00:00:00+00:00,0.0,174506373.07712066
2014-09-11 00:00:00+00:00,0.0,174506373.07712066
2014-09-12 00:00:00+00:00,0.0,174506373.07712066
2014-09-15 00:00:00+00:00,0.0,174506373.07712066
2014-09-16 00:00:00+00:00,0.0,174708529.16321805
2014-09-17 00:00:00+00:00,0.0,174708529.16321805
2014-09-18 00:00:00+00:00,0.0,174708529.16321805
2014-09-19 00:00:00+00:00,0.0,174708529.16321805
2014-09-22 00:00:00+00:00,0.0,174708529.16321805
2014-09-23 00:00:00+00:00,0.0,173376269.73247135
2014-09-24 00:00:00+00:00,0.0,173376269.73247135
2014-09-25 00:00:00+00:00,0.0,173376269.73247135
2014-09-26 00:00:00+00:00,0.0,173376269.73247135
2014-09-29 00:00:00+00:00,0.0,173376269.73247135
2014-09-30 00:00:00+00:00,0.0,174461242.64713633
2014-10-01 00:00:00+00:00,0.0,174461242.64713633
2014-10-02 00:00:00+00:00,0.0,174461242.64713633
2014-10-03 00:00:00+00:00,0.0,174461242.64713633
2014-10-06 00:00:00+00:00,0.0,174461242.64713633
2014-10-07 00:00:00+00:00,0.0,184344603.5935502
2014-10-08 00:00:00+00:00,0.0,184344603.5935502
2014-10-09 00:00:00+00:00,0.0,184344603.5935502
2014-10-10 00:00:00+00:00,0.0,184344603.5935502
2014-10-13 00:00:00+00:00,0.0,184344603.5935502
2014-10-14 00:00:00+00:00,0.0,177851401.22429538
2014-10-15 00:00:00+00:00,0.0,177851401.22429538
2014-10-16 00:00:00+00:00,0.0,177851401.22429538
2014-10-17 00:00:00+00:00,0.0,177851401.22429538
2014-10-20 00:00:00+00:00,0.0,177851401.22429538
2014-10-21 00:00:00+00:00,0.0,172679491.88196087
2014-10-22 00:00:00+00:00,0.0,172679491.88196087
2014-10-23 00:00:00+00:00,0.0,172679491.88196087
2014-10-24 00:00:00+00:00,0.0,172679491.88196087
2014-10-27 00:00:00+00:00,0.0,172679491.88196087
2014-10-28 00:00:00+00:00,0.0,167636548.26456556
2014-10-29 00:00:00+00:00,0.0,167636548.26456556
2014-10-30 00:00:00+00:00,0.0,167636548.26456556
2014-10-31 00:00:00+00:00,0.0,167636548.26456556
2014-11-03 00:00:00+00:00,0.0,167636548.26456556
2014-11-04 00:00:00+00:00,0.0,173644368.12356308
2014-11-05 00:00:00+00:00,0.0,173644368.12356308
2014-11-06 00:00:00+00:00,0.0,173644368.12356308
2014-11-07 00:00:00+00:00,0.0,173644368.12356308
2014-11-10 00:00:00+00:00,0.0,173644368.12356308
2014-11-11 00:00:00+00:00,0.0,178549863.23271492
2014-11-12 00:00:00+00:00,0.0,178549863.23271492
2014-11-13 00:00:00+00:00,0.0,178549863.23271492
2014-11-14 00:00:00+00:00,0.0,178549863.23271492
2014-11-17 00:00:00+00:00,0.0,178549863.23271492
2014-11-18 00:00:00+00:00,0.0,178533382.22314864
2014-11-19 00:00:00+00:00,0.0,178533382.22314864
2014-11-20 00:00:00+00:00,0.0,178533382.22314864
2014-11-21 00:00:00+00:00,0.0,178533382.22314864
2014-11-24 00:00:00+00:00,0.0,178533382.22314864
2014-11-25 00:00:00+00:00,0.0,174502065.7258968
2014-11-26 00:00:00+00:00,0.0,174502065.7258968
2014-11-27 00:00:00+00:00,0.0,174502065.7258968
2014-11-28 00:00:00+00:00,0.0,174502065.7258968
2014-12-01 00:00:00+00:00,0.0,174502065.7258968
2014-12-02 00:00:00+00:00,0.0,176426212.92318377
2014-12-03 00:00:00+00:00,0.0,176426212.92318377
2014-12-04 00:00:00+00:00,0.0,176426212.92318377
2014-12-05 00:00:00+00:00,0.0,176426212.92318377
2014-12-08 00:00:00+00:00,0.0,176426212.92318377
2014-12-09 00:00:00+00:00,0.0,178650295.95841295
2014-12-10 00:00:00+00:00,0.0,178650295.95841295
2014-12-11 00:00:00+00:00,0.0,178650295.95841295
2014-12-12 00:00:00+00:00,0.0,178650295.95841295
2014-12-15 00:00:00+00:00,0.0,178650295.95841295
2014-12-16 00:00:00+00:00,0.0,179367865.4629
2014-12-17 00:00:00+00:00,0.0,179367865.4629
2014-12-18 00:00:00+00:00,0.0,179367865.4629
2014-12-19 00:00:00+00:00,0.0,179367865.4629
2014-12-22 00:00:00+00:00,0.0,179367865.4629
2014-12-23 00:00:00+00:00,0.0,174958640.410941
2014-12-24 00:00:00+00:00,0.0,174958640.410941
2014-12-25 00:00:00+00:00,0.0,174958640.410941
2014-12-26 00:00:00+00:00,0.0,174958640.410941
2014-12-29 00:00:00+00:00,0.0,174958640.410941
2014-12-30 00:00:00+00:00,0.0,178043332.12129205
2014-12-31 00:00:00+00:00,0.0,178043332.12129205
2015-01-05 00:00:00+00:00,0.0,178043332.12129205
2015-01-06 00:00:00+00:00,0.0,178043332.12129205
2015-01-07 00:00:00+00:00,0.0,178043332.12129205
2015-01-08 00:00:00+00:00,0.0,178006162.884173
2015-01-09 00:00:00+00:00,0.0,178006162.884173
2015-01-12 00:00:00+00:00,0.0,178006162.884173
2015-01-13 00:00:00+00:00,0.0,178006162.884173
2015-01-14 00:00:00+00:00,0.0,178006162.884173
2015-01-15 00:00:00+00:00,0.0,180379064.14037
2015-01-16 00:00:00+00:00,0.0,180379064.14037
2015-01-19 00:00:00+00:00,0.0,180379064.14037
2015-01-20 00:00:00+00:00,0.0,180379064.14037
2015-01-21 00:00:00+00:00,0.0,180379064.14037
2015-01-22 00:00:00+00:00,0.0,177558903.31111938
2015-01-23 00:00:00+00:00,0.0,177558903.31111938
2015-01-26 00:00:00+00:00,0.0,177558903.31111938
2015-01-27 00:00:00+00:00,0.0,177558903.31111938
2015-01-28 00:00:00+00:00,0.0,177558903.31111938
2015-01-29 00:00:00+00:00,0.0,180873767.6443399
2015-01-30 00:00:00+00:00,0.0,180873767.6443399
2015-02-02 00:00:00+00:00,0.0,180873767.6443399
2015-02-03 00:00:00+00:00,0.0,180873767.6443399
2015-02-04 00:00:00+00:00,0.0,180873767.6443399
2015-02-05 00:00:00+00:00,0.0,175507533.86495852
2015-02-06 00:00:00+00:00,0.0,175507533.86495852
2015-02-09 00:00:00+00:00,0.0,175507533.86495852
2015-02-10 00:00:00+00:00,0.0,175507533.86495852
2015-02-11 00:00:00+00:00,0.0,175507533.86495852
2015-02-12 00:00:00+00:00,0.0,181299177.76990798
2015-02-13 00:00:00+00:00,0.0,181299177.76990798
2015-02-24 00:00:00+00:00,0.0,181299177.76990798
2015-02-25 00:00:00+00:00,0.0,181299177.76990798
2015-02-26 00:00:00+00:00,0.0,181299177.76990798
2015-02-27 00:00:00+00:00,0.0,183577580.29230648
2015-03-02 00:00:00+00:00,0.0,183577580.29230648
2015-03-03 00:00:00+00:00,0.0,183577580.29230648
2015-03-04 00:00:00+00:00,0.0,183577580.29230648
2015-03-05 00:00:00+00:00,0.0,183577580.29230648
2015-03-06 00:00:00+00:00,0.0,180640986.00136074
2015-03-09 00:00:00+00:00,0.0,180640986.00136074
2015-03-10 00:00:00+00:00,0.0,180640986.00136074
2015-03-11 00:00:00+00:00,0.0,180640986.00136074
2015-03-12 00:00:00+00:00,0.0,180640986.00136074
2015-03-13 00:00:00+00:00,0.0,181646317.72821075
2015-03-16 00:00:00+00:00,0.0,181646317.72821075
2015-03-17 00:00:00+00:00,0.0,181646317.72821075
2015-03-18 00:00:00+00:00,0.0,181646317.72821075
2015-03-19 00:00:00+00:00,0.0,181646317.72821075
2015-03-20 00:00:00+00:00,0.0,171143446.28191414
2015-03-23 00:00:00+00:00,0.0,171143446.28191414
2015-03-24 00:00:00+00:00,0.0,171143446.28191414
2015-03-25 00:00:00+00:00,0.0,171143446.28191414
2015-03-26 00:00:00+00:00,0.0,171143446.28191414
2015-03-27 00:00:00+00:00,0.0,176392018.14087746
2015-03-30 00:00:00+00:00,0.0,176392018.14087746
2015-03-31 00:00:00+00:00,0.0,176392018.14087746
2015-04-01 00:00:00+00:00,0.0,176392018.14087746
2015-04-02 00:00:00+00:00,0.0,176392018.14087746
2015-04-03 00:00:00+00:00,0.0,175232003.03136045
2015-04-06 00:00:00+00:00,0.0,175232003.03136045
2015-04-07 00:00:00+00:00,0.0,175232003.03136045
2015-04-08 00:00:00+00:00,0.0,175232003.03136045
2015-04-09 00:00:00+00:00,0.0,175232003.03136045
2015-04-10 00:00:00+00:00,0.0,174838759.83777413
2015-04-13 00:00:00+00:00,0.0,174838759.83777413
2015-04-14 00:00:00+00:00,0.0,174838759.83777413
2015-04-15 00:00:00+00:00,0.0,174838759.83777413
2015-04-16 00:00:00+00:00,0.0,174838759.83777413
2015-04-17 00:00:00+00:00,0.0,175626372.70582697
2015-04-20 00:00:00+00:00,0.0,175626372.70582697
2015-04-21 00:00:00+00:00,0.0,175626372.70582697
2015-04-22 00:00:00+00:00,0.0,175626372.70582697
2015-04-23 00:00:00+00:00,0.0,175626372.70582697
2015-04-24 00:00:00+00:00,0.0,175317323.33101603
2015-04-27 00:00:00+00:00,0.0,175317323.33101603
2015-05-04 00:00:00+00:00,0.0,175317323.33101603
2015-05-05 00:00:00+00:00,0.0,175317323.33101603
2015-05-06 00:00:00+00:00,0.0,175317323.33101603
2015-05-07 00:00:00+00:00,0.0,175228986.00334206
2015-05-08 00:00:00+00:00,0.0,175228986.00334206
2015-05-11 00:00:00+00:00,0.0,175228986.00334206
2015-05-12 00:00:00+00:00,0.0,175228986.00334206
2015-05-13 00:00:00+00:00,0.0,175228986.00334206
2015-05-14 00:00:00+00:00,0.0,178575775.08859414
2015-05-15 00:00:00+00:00,0.0,178575775.08859414
2015-05-18 00:00:00+00:00,0.0,178575775.08859414
2015-05-19 00:00:00+00:00,0.0,178575775.08859414
2015-05-20 00:00:00+00:00,0.0,178575775.08859414
2015-05-21 00:00:00+00:00,0.0,176114277.6233146
2015-05-22 00:00:00+00:00,0.0,176114277.6233146
2015-05-25 00:00:00+00:00,0.0,176114277.6233146
2015-05-26 00:00:00+00:00,0.0,176114277.6233146
2015-05-27 00:00:00+00:00,0.0,176114277.6233146
2015-05-28 00:00:00+00:00,0.0,179755540.67632437
2015-05-29 00:00:00+00:00,0.0,179755540.67632437
2015-06-01 00:00:00+00:00,0.0,179755540.67632437
2015-06-02 00:00:00+00:00,0.0,179755540.67632437
2015-06-03 00:00:00+00:00,0.0,179755540.67632437
2015-06-04 00:00:00+00:00,0.0,180252728.46743047
2015-06-05 00:00:00+00:00,0.0,180252728.46743047
2015-06-08 00:00:00+00:00,0.0,180252728.46743047
2015-06-09 00:00:00+00:00,0.0,180252728.46743047
2015-06-10 00:00:00+00:00,0.0,180252728.46743047
2015-06-11 00:00:00+00:00,0.0,185047013.35157573
2015-06-12 00:00:00+00:00,0.0,185047013.35157573
2015-06-15 00:00:00+00:00,0.0,185047013.35157573
2015-06-16 00:00:00+00:00,0.0,185047013.35157573
2015-06-17 00:00:00+00:00,0.0,185047013.35157573
2015-06-18 00:00:00+00:00,0.0,188350139.9622382
2015-06-19 00:00:00+00:00,0.0,188350139.9622382
2015-06-22 00:00:00+00:00,0.0,188350139.9622382
2015-06-23 00:00:00+00:00,0.0,188350139.9622382
2015-06-24 00:00:00+00:00,0.0,188350139.9622382
2015-06-25 00:00:00+00:00,0.0,190048933.7394319
2015-06-26 00:00:00+00:00,0.0,190048933.7394319
2015-06-29 00:00:00+00:00,0.0,190048933.7394319
2015-06-30 00:00:00+00:00,0.0,190048933.7394319
2015-07-01 00:00:00+00:00,0.0,190048933.7394319
2015-07-02 00:00:00+00:00,0.0,190672107.31684217
2015-07-03 00:00:00+00:00,0.0,190672107.31684217
2015-07-06 00:00:00+00:00,0.0,190672107.31684217
2015-07-07 00:00:00+00:00,0.0,190672107.31684217
2015-07-08 00:00:00+00:00,0.0,190672107.31684217
2015-07-09 00:00:00+00:00,0.0,199574777.75190857
2015-07-10 00:00:00+00:00,0.0,199574777.75190857
2015-07-13 00:00:00+00:00,0.0,199574777.75190857
2015-07-14 00:00:00+00:00,0.0,199574777.75190857
2015-07-15 00:00:00+00:00,0.0,199574777.75190857
2015-07-16 00:00:00+00:00,0.0,196791586.33025652
2015-07-17 00:00:00+00:00,0.0,196791586.33025652
2015-07-20 00:00:00+00:00,0.0,196791586.33025652
2015-07-21 00:00:00+00:00,0.0,196791586.33025652
2015-07-22 00:00:00+00:00,0.0,196791586.33025652
2015-07-23 00:00:00+00:00,0.0,196791768.93225402
2015-07-24 00:00:00+00:00,0.0,196791768.93225402
2015-07-27 00:00:00+00:00,0.0,196791768.93225402
2015-07-28 00:00:00+00:00,0.0,196791768.93225402
2015-07-29 00:00:00+00:00,0.0,196791768.93225402
2015-07-30 00:00:00+00:00,0.0,196972666.44414082
2015-07-31 00:00:00+00:00,0.0,196972666.44414082
2015-08-03 00:00:00+00:00,0.0,196972666.44414082
2015-08-04 00:00:00+00:00,0.0,196972666.44414082
2015-08-05 00:00:00+00:00,0.0,196972666.44414082
2015-08-06 00:00:00+00:00,0.0,196851134.13594818
2015-08-07 00:00:00+00:00,0.0,196851134.13594818
2015-08-10 00:00:00+00:00,0.0,196851134.13594818
2015-08-11 00:00:00+00:00,0.0,196851134.13594818
2015-08-12 00:00:00+00:00,0.0,196851134.13594818
2015-08-13 00:00:00+00:00,0.0,196170117.41192192
2015-08-14 00:00:00+00:00,0.0,196170117.41192192
2015-08-17 00:00:00+00:00,0.0,196170117.41192192
2015-08-18 00:00:00+00:00,0.0,196170117.41192192
2015-08-19 00:00:00+00:00,0.0,196170117.41192192
2015-08-20 00:00:00+00:00,0.0,194079019.42195737
2015-08-21 00:00:00+00:00,0.0,194079019.42195737
2015-08-24 00:00:00+00:00,0.0,194079019.42195737
2015-08-25 00:00:00+00:00,0.0,194079019.42195737
2015-08-26 00:00:00+00:00,0.0,194079019.42195737
2015-08-27 00:00:00+00:00,0.0,186289452.69056582
2015-08-28 00:00:00+00:00,0.0,186289452.69056582
2015-08-31 00:00:00+00:00,0.0,186289452.69056582
2015-09-01 00:00:00+00:00,0.0,186289452.69056582
2015-09-03 00:00:00+00:00,0.0,186289452.69056582
2015-09-04 00:00:00+00:00,0.0,191320392.30528238
2015-09-07 00:00:00+00:00,0.0,191320392.30528238
2015-09-08 00:00:00+00:00,0.0,191320392.30528238
2015-09-09 00:00:00+00:00,0.0,191320392.30528238
2015-09-10 00:00:00+00:00,0.0,191320392.30528238
2015-09-11 00:00:00+00:00,0.0,195814810.5459798
2015-09-14 00:00:00+00:00,0.0,195814810.5459798
2015-09-15 00:00:00+00:00,0.0,195814810.5459798
2015-09-16 00:00:00+00:00,0.0,195814810.5459798
2015-09-17 00:00:00+00:00,0.0,195814810.5459798
2015-09-18 00:00:00+00:00,0.0,190589153.9070063
2015-09-21 00:00:00+00:00,0.0,190589153.9070063
2015-09-22 00:00:00+00:00,0.0,190589153.9070063
2015-09-23 00:00:00+00:00,0.0,190589153.9070063
2015-09-24 00:00:00+00:00,0.0,190589153.9070063
2015-09-25 00:00:00+00:00,0.0,190865070.0798151
2015-09-28 00:00:00+00:00,0.0,190865070.0798151
2015-09-29 00:00:00+00:00,0.0,190865070.0798151
2015-09-30 00:00:00+00:00,0.0,190865070.0798151
2015-10-01 00:00:00+00:00,0.0,190865070.0798151
2015-10-02 00:00:00+00:00,0.0,191414141.09844828
2015-10-05 00:00:00+00:00,0.0,191414141.09844828
2015-10-06 00:00:00+00:00,0.0,191414141.09844828
2015-10-07 00:00:00+00:00,0.0,191414141.09844828
2015-10-08 00:00:00+00:00,0.0,191414141.09844828
2015-10-09 00:00:00+00:00,0.0,197018645.90336707
2015-10-12 00:00:00+00:00,0.0,197018645.90336707
2015-10-13 00:00:00+00:00,0.0,197018645.90336707
2015-10-14 00:00:00+00:00,0.0,197018645.90336707
2015-10-15 00:00:00+00:00,0.0,197018645.90336707
2015-10-16 00:00:00+00:00,0.0,199574807.3722556
2015-10-19 00:00:00+00:00,0.0,199574807.3722556
2015-10-20 00:00:00+00:00,0.0,199574807.3722556
2015-10-21 00:00:00+00:00,0.0,199574807.3722556
2015-10-22 00:00:00+00:00,0.0,199574807.3722556
2015-10-23 00:00:00+00:00,0.0,200727026.3403235
2015-10-26 00:00:00+00:00,0.0,200727026.3403235
2015-10-27 00:00:00+00:00,0.0,200727026.3403235
2015-10-28 00:00:00+00:00,0.0,200727026.3403235
2015-10-29 00:00:00+00:00,0.0,200727026.3403235
2015-10-30 00:00:00+00:00,0.0,208260245.28576437
2015-11-02 00:00:00+00:00,0.0,208260245.28576437
2015-11-03 00:00:00+00:00,0.0,208260245.28576437
2015-11-04 00:00:00+00:00,0.0,208260245.28576437
2015-11-05 00:00:00+00:00,0.0,208260245.28576437
2015-11-06 00:00:00+00:00,0.0,207471027.291181
2015-11-09 00:00:00+00:00,0.0,207471027.291181
2015-11-10 00:00:00+00:00,0.0,207471027.291181
2015-11-11 00:00:00+00:00,0.0,207471027.291181
2015-11-12 00:00:00+00:00,0.0,207471027.291181
2015-11-13 00:00:00+00:00,0.0,206397352.6573304
2015-11-16 00:00:00+00:00,0.0,206397352.6573304
2015-11-17 00:00:00+00:00,0.0,206397352.6573304
2015-11-18 00:00:00+00:00,0.0,206397352.6573304
2015-11-19 00:00:00+00:00,0.0,206397352.6573304
2015-11-20 00:00:00+00:00,0.0,208300423.70996904
2015-11-23 00:00:00+00:00,0.0,208300423.70996904
2015-11-24 00:00:00+00:00,0.0,208300423.70996904
2015-11-25 00:00:00+00:00,0.0,208300423.70996904
2015-11-26 00:00:00+00:00,0.0,208300423.70996904
2015-11-27 00:00:00+00:00,0.0,211321373.2543582
2015-11-30 00:00:00+00:00,0.0,211321373.2543582
2015-12-01 00:00:00+00:00,0.0,211321373.2543582
2015-12-02 00:00:00+00:00,0.0,211321373.2543582
2015-12-03 00:00:00+00:00,0.0,211321373.2543582
2015-12-04 00:00:00+00:00,0.0,207580634.77548683
2015-12-07 00:00:00+00:00,0.0,207580634.77548683
2015-12-08 00:00:00+00:00,0.0,207580634.77548683
2015-12-09 00:00:00+00:00,0.0,207580634.77548683
2015-12-10 00:00:00+00:00,0.0,207580634.77548683
2015-12-11 00:00:00+00:00,0.0,208074881.60922566
2015-12-14 00:00:00+00:00,0.0,208074881.60922566
2015-12-15 00:00:00+00:00,0.0,208074881.60922566
2015-12-16 00:00:00+00:00,0.0,208074881.60922566
2015-12-17 00:00:00+00:00,0.0,208074881.60922566
2015-12-18 00:00:00+00:00,0.0,210119720.72700697
2015-12-21 00:00:00+00:00,0.0,210119720.72700697
2015-12-22 00:00:00+00:00,0.0,210119720.72700697
2015-12-23 00:00:00+00:00,0.0,210119720.72700697
2015-12-24 00:00:00+00:00,0.0,210119720.72700697
2015-12-25 00:00:00+00:00,0.0,210394353.30394158
2015-12-28 00:00:00+00:00,0.0,210394353.30394158
2015-12-29 00:00:00+00:00,0.0,210394353.30394158
2015-12-30 00:00:00+00:00,0.0,210394353.30394158
2015-12-31 00:00:00+00:00,0.0,210394353.30394158
2016-01-03 00:00:00+00:00,0.0,212486428.90920427
2016-01-04 00:00:00+00:00,0.0,212486428.90920427
2016-01-05 00:00:00+00:00,0.0,212486428.90920427
2016-01-06 00:00:00+00:00,0.0,212486428.90920427
2016-01-07 00:00:00+00:00,0.0,212486428.90920427
2016-01-08 00:00:00+00:00,0.0,211288716.45242545
2016-01-09 00:00:00+00:00,0.0,211288716.45242545
2016-01-11 00:00:00+00:00,0.0,211288716.45242545
2016-01-12 00:00:00+00:00,0.0,211288716.45242545
2016-01-13 00:00:00+00:00,0.0,211288716.45242545
2016-01-14 00:00:00+00:00,0.0,210273394.29347643
2016-01-15 00:00:00+00:00,0.0,210273394.29347643
2016-01-16 00:00:00+00:00,0.0,210273394.29347643
2016-01-17 00:00:00+00:00,0.0,210273394.29347643
2016-01-18 00:00:00+00:00,0.0,210273394.29347643
2016-01-19 00:00:00+00:00,0.0,207519876.43632197
2016-01-20 00:00:00+00:00,0.0,207519876.43632197
2016-01-21 00:00:00+00:00,0.0,207519876.43632197
2016-01-22 00:00:00+00:00,0.0,207519876.43632197
2016-01-24 00:00:00+00:00,0.0,207519876.43632197
2016-01-25 00:00:00+00:00,0.0,202677044.62505984
2016-01-26 00:00:00+00:00,0.0,202677044.62505984
2016-01-27 00:00:00+00:00,0.0,202677044.62505984
2016-01-28 00:00:00+00:00,0.0,202677044.62505984
2016-01-29 00:00:00+00:00,0.0,202677044.62505984
2016-02-01 00:00:00+00:00,0.0,195563386.50689206
2016-02-02 00:00:00+00:00,0.0,195563386.50689206
2016-02-03 00:00:00+00:00,0.0,195563386.50689206
2016-02-04 00:00:00+00:00,0.0,195563386.50689206
2016-02-05 00:00:00+00:00,0.0,195563386.50689206
2016-02-15 00:00:00+00:00,0.0,204145760.33617038
2016-02-16 00:00:00+00:00,0.0,204145760.33617038
2016-02-17 00:00:00+00:00,0.0,204145760.33617038
2016-02-18 00:00:00+00:00,0.0,204145760.33617038
2016-02-19 00:00:00+00:00,0.0,204145760.33617038
2016-02-22 00:00:00+00:00,0.0,205985931.51397496
2016-02-23 00:00:00+00:00,0.0,205985931.51397496
2016-02-24 00:00:00+00:00,0.0,205985931.51397496
2016-02-25 00:00:00+00:00,0.0,205985931.51397496
2016-02-26 00:00:00+00:00,0.0,205985931.51397496
2016-02-29 00:00:00+00:00,0.0,207057256.91923854
2016-03-01 00:00:00+00:00,0.0,207057256.91923854
2016-03-02 00:00:00+00:00,0.0,207057256.91923854
2016-03-03 00:00:00+00:00,0.0,207057256.91923854
2016-03-04 00:00:00+00:00,0.0,207057256.91923854
2016-03-07 00:00:00+00:00,0.0,210655054.58592004
2016-03-08 00:00:00+00:00,0.0,210655054.58592004
2016-03-09 00:00:00+00:00,0.0,210655054.58592004
2016-03-10 00:00:00+00:00,0.0,210655054.58592004
2016-03-11 00:00:00+00:00,0.0,210655054.58592004
2016-03-14 00:00:00+00:00,0.0,207991493.27427155
2016-03-15 00:00:00+00:00,0.0,207991493.27427155
2016-03-16 00:00:00+00:00,0.0,207991493.27427155
2016-03-17 00:00:00+00:00,0.0,207991493.27427155
2016-03-18 00:00:00+00:00,0.0,207991493.27427155
2016-03-21 00:00:00+00:00,0.0,211918017.06586322
2016-03-22 00:00:00+00:00,0.0,211918017.06586322
2016-03-23 00:00:00+00:00,0.0,211918017.06586322
2016-03-24 00:00:00+00:00,0.0,211918017.06586322
2016-03-25 00:00:00+00:00,0.0,211918017.06586322
2016-03-28 00:00:00+00:00,0.0,210656130.7615863
2016-03-29 00:00:00+00:00,0.0,210656130.7615863
2016-03-30 00:00:00+00:00,0.0,210656130.7615863
2016-03-31 00:00:00+00:00,0.0,210656130.7615863
2016-04-01 00:00:00+00:00,0.0,210656130.7615863
2016-04-04 00:00:00+00:00,0.0,212249417.49342212
2016-04-05 00:00:00+00:00,0.0,212249417.49342212
2016-04-06 00:00:00+00:00,0.0,212249417.49342212
2016-04-07 00:00:00+00:00,0.0,212249417.49342212
2016-04-08 00:00:00+00:00,0.0,212249417.49342212
2016-04-11 00:00:00+00:00,0.0,217494684.7357211
2016-04-12 00:00:00+00:00,0.0,217494684.7357211
2016-04-13 00:00:00+00:00,0.0,217494684.7357211
2016-04-14 00:00:00+00:00,0.0,217494684.7357211
2016-04-15 00:00:00+00:00,0.0,217494684.7357211
2016-04-19 00:00:00+00:00,0.0,220770993.27982163
2016-04-20 00:00:00+00:00,0.0,220770993.27982163
2016-04-21 00:00:00+00:00,0.0,220770993.27982163
2016-04-22 00:00:00+00:00,0.0,220770993.27982163
2016-04-25 00:00:00+00:00,0.0,220770993.27982163
2016-04-26 00:00:00+00:00,0.0,227176781.8070626
2016-04-27 00:00:00+00:00,0.0,227176781.8070626
2016-04-28 00:00:00+00:00,0.0,227176781.8070626
2016-04-29 00:00:00+00:00,0.0,227176781.8070626
2016-05-03 00:00:00+00:00,0.0,227176781.8070626
2016-05-04 00:00:00+00:00,0.0,226655054.48991677
2016-05-05 00:00:00+00:00,0.0,226655054.48991677
2016-05-06 00:00:00+00:00,0.0,226655054.48991677
2016-05-08 00:00:00+00:00,0.0,226655054.48991677
2016-05-09 00:00:00+00:00,0.0,226655054.48991677
2016-05-10 00:00:00+00:00,0.0,225694335.2342227
2016-05-11 00:00:00+00:00,0.0,225694335.2342227
2016-05-12 00:00:00+00:00,0.0,225694335.2342227
2016-05-13 00:00:00+00:00,0.0,225694335.2342227
2016-05-16 00:00:00+00:00,0.0,225694335.2342227
2016-05-17 00:00:00+00:00,0.0,228295241.814067
2016-05-18 00:00:00+00:00,0.0,228295241.814067
2016-05-19 00:00:00+00:00,0.0,228295241.814067
2016-05-20 00:00:00+00:00,0.0,228295241.814067
2016-05-23 00:00:00+00:00,0.0,228295241.814067
2016-05-24 00:00:00+00:00,0.0,228670434.47597736
2016-05-25 00:00:00+00:00,0.0,228670434.47597736
2016-05-26 00:00:00+00:00,0.0,228670434.47597736
2016-05-27 00:00:00+00:00,0.0,228670434.47597736
2016-05-30 00:00:00+00:00,0.0,228670434.47597736
2016-05-31 00:00:00+00:00,0.0,229853692.87826136
2016-06-01 00:00:00+00:00,0.0,229853692.87826136
2016-06-02 00:00:00+00:00,0.0,229853692.87826136
2016-06-03 00:00:00+00:00,0.0,229853692.87826136
2016-06-06 00:00:00+00:00,0.0,229853692.87826136
2016-06-07 00:00:00+00:00,0.0,235771789.7804712
2016-06-08 00:00:00+00:00,0.0,235771789.7804712
2016-06-09 00:00:00+00:00,0.0,235771789.7804712
2016-06-10 00:00:00+00:00,0.0,235771789.7804712
2016-06-13 00:00:00+00:00,0.0,235771789.7804712
2016-06-14 00:00:00+00:00,0.0,240891912.7195708
2016-06-15 00:00:00+00:00,0.0,240891912.7195708
2016-06-16 00:00:00+00:00,0.0,240891912.7195708
2016-06-17 00:00:00+00:00,0.0,240891912.7195708
2016-06-20 00:00:00+00:00,0.0,240891912.7195708
2016-06-21 00:00:00+00:00,0.0,246331803.5752704
2016-06-22 00:00:00+00:00,0.0,246331803.5752704
2016-06-23 00:00:00+00:00,0.0,246331803.5752704
2016-06-24 00:00:00+00:00,0.0,246331803.5752704
2016-06-27 00:00:00+00:00,0.0,246331803.5752704
2016-06-28 00:00:00+00:00,0.0,247979571.15187007
2016-06-29 00:00:00+00:00,0.0,247979571.15187007
2016-06-30 00:00:00+00:00,0.0,247979571.15187007
2016-07-01 00:00:00+00:00,0.0,247979571.15187007
2016-07-04 00:00:00+00:00,0.0,247979571.15187007
2016-07-05 00:00:00+00:00,0.0,254855469.71417463
2016-07-06 00:00:00+00:00,0.0,254855469.71417463
2016-07-07 00:00:00+00:00,0.0,254855469.71417463
2016-07-08 00:00:00+00:00,0.0,254855469.71417463
2016-07-11 00:00:00+00:00,0.0,254855469.71417463
2016-07-12 00:00:00+00:00,0.0,255383421.60398394
2016-07-13 00:00:00+00:00,0.0,255383421.60398394
2016-07-14 00:00:00+00:00,0.0,255383421.60398394
2016-07-15 00:00:00+00:00,0.0,255383421.60398394
2016-07-18 00:00:00+00:00,0.0,255383421.60398394
2016-07-19 00:00:00+00:00,0.0,259997820.97647905
2016-07-20 00:00:00+00:00,0.0,259997820.97647905
2016-07-21 00:00:00+00:00,0.0,259997820.97647905
2016-07-22 00:00:00+00:00,0.0,259997820.97647905
2016-07-25 00:00:00+00:00,0.0,259997820.97647905
2016-07-26 00:00:00+00:00,0.0,253582117.7329018
2016-07-27 00:00:00+00:00,0.0,253582117.7329018
2016-07-28 00:00:00+00:00,0.0,253582117.7329018
2016-07-29 00:00:00+00:00,0.0,253582117.7329018
2016-08-01 00:00:00+00:00,0.0,253582117.7329018
2016-08-02 00:00:00+00:00,0.0,254181699.41411892
2016-08-03 00:00:00+00:00,0.0,254181699.41411892
2016-08-04 00:00:00+00:00,0.0,254181699.41411892
2016-08-05 00:00:00+00:00,0.0,254181699.41411892
2016-08-08 00:00:00+00:00,0.0,254181699.41411892
2016-08-09 00:00:00+00:00,0.0,250614798.3122207
2016-08-10 00:00:00+00:00,0.0,250614798.3122207
2016-08-11 00:00:00+00:00,0.0,250614798.3122207
2016-08-12 00:00:00+00:00,0.0,250614798.3122207
2016-08-15 00:00:00+00:00,0.0,250614798.3122207
2016-08-16 00:00:00+00:00,0.0,262158335.72309068
2016-08-17 00:00:00+00:00,0.0,262158335.72309068
2016-08-18 00:00:00+00:00,0.0,262158335.72309068
2016-08-19 00:00:00+00:00,0.0,262158335.72309068
2016-08-22 00:00:00+00:00,0.0,262158335.72309068
2016-08-23 00:00:00+00:00,0.0,264770020.23016277
2016-08-24 00:00:00+00:00,0.0,264770020.23016277
2016-08-25 00:00:00+00:00,0.0,264770020.23016277
2016-08-26 00:00:00+00:00,0.0,264770020.23016277
2016-08-29 00:00:00+00:00,0.0,264770020.23016277
2016-08-30 00:00:00+00:00,0.0,260952228.09711474
2016-08-31 00:00:00+00:00,0.0,260952228.09711474
2016-09-01 00:00:00+00:00,0.0,260952228.09711474
2016-09-05 00:00:00+00:00,0.0,260952228.09711474
2016-09-06 00:00:00+00:00,0.0,260952228.09711474
2016-09-07 00:00:00+00:00,0.0,263101730.316126
2016-09-08 00:00:00+00:00,0.0,263101730.316126
2016-09-09 00:00:00+00:00,0.0,263101730.316126
2016-09-12 00:00:00+00:00,0.0,263101730.316126
2016-09-13 00:00:00+00:00,0.0,263101730.316126
2016-09-14 00:00:00+00:00,0.0,262676618.2338419
2016-09-15 00:00:00+00:00,0.0,262676618.2338419
2016-09-16 00:00:00+00:00,0.0,262676618.2338419
2016-09-19 00:00:00+00:00,0.0,262676618.2338419
2016-09-20 00:00:00+00:00,0.0,262676618.2338419
2016-09-21 00:00:00+00:00,0.0,265748164.58691365
2016-09-22 00:00:00+00:00,0.0,265748164.58691365
2016-09-23 00:00:00+00:00,0.0,265748164.58691365
2016-09-26 00:00:00+00:00,0.0,265748164.58691365
2016-09-27 00:00:00+00:00,0.0,265748164.58691365
2016-09-28 00:00:00+00:00,0.0,270540459.3370424
2016-09-29 00:00:00+00:00,0.0,270540459.3370424
2016-09-30 00:00:00+00:00,0.0,270540459.3370424
2016-10-03 00:00:00+00:00,0.0,270540459.3370424
2016-10-04 00:00:00+00:00,0.0,270540459.3370424
2016-10-05 00:00:00+00:00,0.0,270442563.0030028
2016-10-06 00:00:00+00:00,0.0,270442563.0030028
2016-10-07 00:00:00+00:00,0.0,270442563.0030028
2016-10-10 00:00:00+00:00,0.0,270442563.0030028
2016-10-11 00:00:00+00:00,0.0,270442563.0030028
2016-10-12 00:00:00+00:00,0.0,270947771.8814114
2016-10-13 00:00:00+00:00,0.0,270947771.8814114
2016-10-14 00:00:00+00:00,0.0,270947771.8814114
2016-10-17 00:00:00+00:00,0.0,270947771.8814114
2016-10-18 00:00:00+00:00,0.0,270947771.8814114
2016-10-19 00:00:00+00:00,0.0,268868276.52761143
2016-10-20 00:00:00+00:00,0.0,268868276.52761143
2016-10-21 00:00:00+00:00,0.0,268868276.52761143
2016-10-24 00:00:00+00:00,0.0,268868276.52761143
2016-10-25 00:00:00+00:00,0.0,268868276.52761143
2016-10-26 00:00:00+00:00,0.0,264105243.86515749
2016-10-27 00:00:00+00:00,0.0,264105243.86515749
2016-10-28 00:00:00+00:00,0.0,264105243.86515749
2016-10-31 00:00:00+00:00,0.0,264105243.86515749
2016-11-01 00:00:00+00:00,0.0,264105243.86515749
2016-11-02 00:00:00+00:00,0.0,270443696.70089585
2016-11-03 00:00:00+00:00,0.0,270443696.70089585
2016-11-04 00:00:00+00:00,0.0,270443696.70089585
2016-11-07 00:00:00+00:00,0.0,270443696.70089585
2016-11-08 00:00:00+00:00,0.0,270443696.70089585
2016-11-09 00:00:00+00:00,0.0,276664874.1979769
2016-11-10 00:00:00+00:00,0.0,276664874.1979769
2016-11-11 00:00:00+00:00,0.0,276664874.1979769
2016-11-14 00:00:00+00:00,0.0,276664874.1979769
2016-11-15 00:00:00+00:00,0.0,276664874.1979769
2016-11-16 00:00:00+00:00,0.0,270637423.4095355
2016-11-17 00:00:00+00:00,0.0,270637423.4095355
2016-11-18 00:00:00+00:00,0.0,270637423.4095355
2016-11-21 00:00:00+00:00,0.0,270637423.4095355
2016-11-22 00:00:00+00:00,0.0,270637423.4095355
2016-11-23 00:00:00+00:00,0.0,277980972.0845917
2016-11-24 00:00:00+00:00,0.0,277980972.0845917
2016-11-25 00:00:00+00:00,0.0,277980972.0845917
2016-11-28 00:00:00+00:00,0.0,277980972.0845917
2016-11-29 00:00:00+00:00,0.0,277980972.0845917
2016-11-30 00:00:00+00:00,0.0,273219695.46250564
2016-12-01 00:00:00+00:00,0.0,273219695.46250564
2016-12-02 00:00:00+00:00,0.0,273219695.46250564
2016-12-05 00:00:00+00:00,0.0,273219695.46250564
2016-12-06 00:00:00+00:00,0.0,273219695.46250564
2016-12-07 00:00:00+00:00,0.0,272599448.84101623
2016-12-08 00:00:00+00:00,0.0,272599448.84101623
2016-12-09 00:00:00+00:00,0.0,272599448.84101623
2016-12-12 00:00:00+00:00,0.0,272599448.84101623
2016-12-13 00:00:00+00:00,0.0,272599448.84101623
2016-12-14 00:00:00+00:00,0.0,265045753.0606635
2016-12-15 00:00:00+00:00,0.0,265045753.0606635
2016-12-16 00:00:00+00:00,0.0,265045753.0606635
2016-12-19 00:00:00+00:00,0.0,265045753.0606635
2016-12-20 00:00:00+00:00,0.0,265045753.0606635
2016-12-21 00:00:00+00:00,0.0,270842129.42030823
2016-12-22 00:00:00+00:00,0.0,270842129.42030823
2016-12-23 00:00:00+00:00,0.0,270842129.42030823
2016-12-26 00:00:00+00:00,0.0,270842129.42030823
2016-12-27 00:00:00+00:00,0.0,270842129.42030823
2016-12-28 00:00:00+00:00,0.0,272442989.1099193
2016-12-29 00:00:00+00:00,0.0,272442989.1099193
2016-12-30 00:00:00+00:00,0.0,272442989.1099193
2017-01-03 00:00:00+00:00,0.0,272442989.1099193
2017-01-04 00:00:00+00:00,0.0,272442989.1099193
2017-01-05 00:00:00+00:00,0.0,279979435.21913946
2017-01-06 00:00:00+00:00,0.0,279979435.21913946
2017-01-09 00:00:00+00:00,0.0,279979435.21913946
2017-01-10 00:00:00+00:00,0.0,279979435.21913946
2017-01-11 00:00:00+00:00,0.0,279979435.21913946
2017-01-12 00:00:00+00:00,0.0,280966421.5550894
2017-01-13 00:00:00+00:00,0.0,280966421.5550894
2017-01-16 00:00:00+00:00,0.0,280966421.5550894
2017-01-17 00:00:00+00:00,0.0,280966421.5550894
2017-01-18 00:00:00+00:00,0.0,280966421.5550894
2017-01-19 00:00:00+00:00,0.0,278551753.8649608
2017-01-20 00:00:00+00:00,0.0,278551753.8649608
2017-01-23 00:00:00+00:00,0.0,278551753.8649608
2017-01-24 00:00:00+00:00,0.0,278551753.8649608
2017-01-25 00:00:00+00:00,0.0,278551753.8649608
2017-02-02 00:00:00+00:00,0.0,276811665.11952245
2017-02-03 00:00:00+00:00,0.0,276811665.11952245
2017-02-06 00:00:00+00:00,0.0,276811665.11952245
2017-02-07 00:00:00+00:00,0.0,276811665.11952245
2017-02-08 00:00:00+00:00,0.0,276811665.11952245
2017-02-09 00:00:00+00:00,0.0,283739128.96177673
2017-02-10 00:00:00+00:00,0.0,283739128.96177673
2017-02-13 00:00:00+00:00,0.0,283739128.96177673
2017-02-14 00:00:00+00:00,0.0,283739128.96177673
2017-02-15 00:00:00+00:00,0.0,283739128.96177673
2017-02-16 00:00:00+00:00,0.0,285322992.098741
2017-02-17 00:00:00+00:00,0.0,285322992.098741
2017-02-20 00:00:00+00:00,0.0,285322992.098741
2017-02-21 00:00:00+00:00,0.0,285322992.098741
2017-02-22 00:00:00+00:00,0.0,285322992.098741
2017-02-23 00:00:00+00:00,0.0,291410630.03653646
2017-02-24 00:00:00+00:00,0.0,291410630.03653646
2017-02-27 00:00:00+00:00,0.0,291410630.03653646
2017-02-28 00:00:00+00:00,0.0,291410630.03653646
2017-03-01 00:00:00+00:00,0.0,291410630.03653646
2017-03-02 00:00:00+00:00,0.0,293928206.69005305
2017-03-03 00:00:00+00:00,0.0,293928206.69005305
2017-03-06 00:00:00+00:00,0.0,293928206.69005305
2017-03-07 00:00:00+00:00,0.0,293928206.69005305
2017-03-08 00:00:00+00:00,0.0,293928206.69005305
2017-03-09 00:00:00+00:00,0.0,296775523.1127936
2017-03-10 00:00:00+00:00,0.0,296775523.1127936
2017-03-13 00:00:00+00:00,0.0,296775523.1127936
2017-03-14 00:00:00+00:00,0.0,296775523.1127936
2017-03-15 00:00:00+00:00,0.0,296775523.1127936
2017-03-16 00:00:00+00:00,0.0,302058361.41739875
2017-03-17 00:00:00+00:00,0.0,302058361.41739875
2017-03-20 00:00:00+00:00,0.0,302058361.41739875
2017-03-21 00:00:00+00:00,0.0,302058361.41739875
2017-03-22 00:00:00+00:00,0.0,302058361.41739875
2017-03-23 00:00:00+00:00,0.0,305666246.7725691
2017-03-24 00:00:00+00:00,0.0,305666246.7725691
2017-03-27 00:00:00+00:00,0.0,305666246.7725691
2017-03-28 00:00:00+00:00,0.0,305666246.7725691
2017-03-29 00:00:00+00:00,0.0,305666246.7725691
2017-03-30 00:00:00+00:00,0.0,309089972.84174407
2017-03-31 00:00:00+00:00,0.0,309089972.84174407
2017-04-03 00:00:00+00:00,0.0,309089972.84174407
2017-04-04 00:00:00+00:00,0.0,309089972.84174407
2017-04-05 00:00:00+00:00,0.0,309089972.84174407
2017-04-07 00:00:00+00:00,0.0,313294530.3187487
2017-04-10 00:00:00+00:00,0.0,313294530.3187487
2017-04-11 00:00:00+00:00,0.0,313294530.3187487
2017-04-12 00:00:00+00:00,0.0,313294530.3187487
2017-04-13 00:00:00+00:00,0.0,313294530.3187487
2017-04-14 00:00:00+00:00,0.0,312856051.3534253
2017-04-15 00:00:00+00:00,0.0,312856051.3534253
2017-04-17 00:00:00+00:00,0.0,312856051.3534253
2017-04-18 00:00:00+00:00,0.0,312856051.3534253
2017-04-19 00:00:00+00:00,0.0,312856051.3534253
2017-04-20 00:00:00+00:00,0.0,310809471.96267366
2017-04-21 00:00:00+00:00,0.0,310809471.96267366
2017-04-24 00:00:00+00:00,0.0,310809471.96267366
2017-04-25 00:00:00+00:00,0.0,310809471.96267366
2017-04-26 00:00:00+00:00,0.0,310809471.96267366
2017-04-27 00:00:00+00:00,0.0,315207246.1317706
2017-04-28 00:00:00+00:00,0.0,315207246.1317706
2017-05-03 00:00:00+00:00,0.0,315207246.1317706
2017-05-04 00:00:00+00:00,0.0,315207246.1317706
2017-05-05 00:00:00+00:00,0.0,315207246.1317706
2017-05-08 00:00:00+00:00,0.0,322389814.4077223
2017-05-09 00:00:00+00:00,0.0,322389814.4077223
2017-05-10 00:00:00+00:00,0.0,322389814.4077223
2017-05-11 00:00:00+00:00,0.0,322389814.4077223
2017-05-12 00:00:00+00:00,0.0,322389814.4077223
2017-05-15 00:00:00+00:00,0.0,335123905.0591811
2017-05-16 00:00:00+00:00,0.0,335123905.0591811
2017-05-17 00:00:00+00:00,0.0,335123905.0591811
2017-05-18 00:00:00+00:00,0.0,335123905.0591811
2017-05-19 00:00:00+00:00,0.0,335123905.0591811
2017-05-22 00:00:00+00:00,0.0,339208143.2914191
2017-05-23 00:00:00+00:00,0.0,339208143.2914191
2017-05-24 00:00:00+00:00,0.0,339208143.2914191
2017-05-25 00:00:00+00:00,0.0,339208143.2914191
2017-05-26 00:00:00+00:00,0.0,339208143.2914191
2017-05-29 00:00:00+00:00,0.0,347924532.3909917
2017-05-30 00:00:00+00:00,0.0,347924532.3909917
2017-05-31 00:00:00+00:00,0.0,347924532.3909917
2017-06-01 00:00:00+00:00,0.0,347924532.3909917
2017-06-02 00:00:00+00:00,0.0,347924532.3909917
2017-06-05 00:00:00+00:00,0.0,350822492.87044275
2017-06-06 00:00:00+00:00,0.0,350822492.87044275
2017-06-07 00:00:00+00:00,0.0,350822492.87044275
2017-06-08 00:00:00+00:00,0.0,350822492.87044275
2017-06-09 00:00:00+00:00,0.0,350822492.87044275
2017-06-12 00:00:00+00:00,0.0,357059753.38436997
2017-06-13 00:00:00+00:00,0.0,357059753.38436997
2017-06-14 00:00:00+00:00,0.0,357059753.38436997
2017-06-15 00:00:00+00:00,0.0,357059753.38436997
2017-06-16 00:00:00+00:00,0.0,357059753.38436997
2017-06-19 00:00:00+00:00,0.0,356672679.9144574
2017-06-20 00:00:00+00:00,0.0,356672679.9144574
2017-06-21 00:00:00+00:00,0.0,356672679.9144574
2017-06-22 00:00:00+00:00,0.0,356672679.9144574
2017-06-23 00:00:00+00:00,0.0,356672679.9144574
2017-06-26 00:00:00+00:00,0.0,368008030.05474603
2017-06-27 00:00:00+00:00,0.0,368008030.05474603
2017-06-28 00:00:00+00:00,0.0,368008030.05474603
2017-06-29 00:00:00+00:00,0.0,368008030.05474603
2017-06-30 00:00:00+00:00,0.0,368008030.05474603
2017-07-03 00:00:00+00:00,0.0,370241970.1059842
2017-07-04 00:00:00+00:00,0.0,370241970.1059842
2017-07-05 00:00:00+00:00,0.0,370241970.1059842
2017-07-06 00:00:00+00:00,0.0,370241970.1059842
2017-07-07 00:00:00+00:00,0.0,370241970.1059842
2017-07-10 00:00:00+00:00,0.0,375543170.91981465
2017-07-11 00:00:00+00:00,0.0,375543170.91981465
2017-07-12 00:00:00+00:00,0.0,375543170.91981465
2017-07-13 00:00:00+00:00,0.0,375543170.91981465
2017-07-14 00:00:00+00:00,0.0,375543170.91981465
2017-07-17 00:00:00+00:00,0.0,376144985.3531274
2017-07-18 00:00:00+00:00,0.0,376144985.3531274
2017-07-19 00:00:00+00:00,0.0,376144985.3531274
2017-07-20 00:00:00+00:00,0.0,376144985.3531274
2017-07-21 00:00:00+00:00,0.0,376144985.3531274
2017-07-24 00:00:00+00:00,0.0,367185513.96383035
2017-07-25 00:00:00+00:00,0.0,367185513.96383035
2017-07-26 00:00:00+00:00,0.0,367185513.96383035
2017-07-27 00:00:00+00:00,0.0,367185513.96383035
2017-07-28 00:00:00+00:00,0.0,367185513.96383035
2017-07-31 00:00:00+00:00,0.0,386617779.4661755
2017-08-01 00:00:00+00:00,0.0,386617779.4661755
2017-08-02 00:00:00+00:00,0.0,386617779.4661755
2017-08-03 00:00:00+00:00,0.0,386617779.4661755
2017-08-04 00:00:00+00:00,0.0,386617779.4661755
2017-08-07 00:00:00+00:00,0.0,395227996.89010733
2017-08-08 00:00:00+00:00,0.0,395227996.89010733
2017-08-09 00:00:00+00:00,0.0,395227996.89010733
2017-08-10 00:00:00+00:00,0.0,395227996.89010733
2017-08-11 00:00:00+00:00,0.0,395227996.89010733
2017-08-14 00:00:00+00:00,0.0,387988498.26219094
2017-08-15 00:00:00+00:00,0.0,387988498.26219094
2017-08-16 00:00:00+00:00,0.0,387988498.26219094
2017-08-17 00:00:00+00:00,0.0,387988498.26219094
2017-08-18 00:00:00+00:00,0.0,387988498.26219094
2017-08-21 00:00:00+00:00,0.0,380727507.73132956
2017-08-22 00:00:00+00:00,0.0,380727507.73132956
2017-08-23 00:00:00+00:00,0.0,380727507.73132956
2017-08-24 00:00:00+00:00,0.0,380727507.73132956
2017-08-25 00:00:00+00:00,0.0,380727507.73132956
2017-08-28 00:00:00+00:00,0.0,377208575.2350453
2017-08-29 00:00:00+00:00,0.0,377208575.2350453
2017-08-30 00:00:00+00:00,0.0,377208575.2350453
2017-08-31 00:00:00+00:00,0.0,377208575.2350453
2017-09-01 00:00:00+00:00,0.0,377208575.2350453
2017-09-05 00:00:00+00:00,0.0,380651890.4560486
2017-09-06 00:00:00+00:00,0.0,380651890.4560486
2017-09-07 00:00:00+00:00,0.0,380651890.4560486
2017-09-08 00:00:00+00:00,0.0,380651890.4560486
2017-09-11 00:00:00+00:00,0.0,380651890.4560486
2017-09-12 00:00:00+00:00,0.0,379441317.6670354
2017-09-13 00:00:00+00:00,0.0,379441317.6670354
2017-09-14 00:00:00+00:00,0.0,379441317.6670354
2017-09-15 00:00:00+00:00,0.0,379441317.6670354
2017-09-18 00:00:00+00:00,0.0,379441317.6670354
2017-09-19 00:00:00+00:00,0.0,390661476.8335687
2017-09-20 00:00:00+00:00,0.0,390661476.8335687
2017-09-21 00:00:00+00:00,0.0,390661476.8335687
2017-09-22 00:00:00+00:00,0.0,390661476.8335687
2017-09-25 00:00:00+00:00,0.0,390661476.8335687
2017-09-26 00:00:00+00:00,0.0,391356702.2986014
2017-09-27 00:00:00+00:00,0.0,391356702.2986014
2017-09-28 00:00:00+00:00,0.0,391356702.2986014
2017-09-29 00:00:00+00:00,0.0,391356702.2986014
2017-10-02 00:00:00+00:00,0.0,391356702.2986014
2017-10-03 00:00:00+00:00,0.0,387452263.5099405
2017-10-04 00:00:00+00:00,0.0,387452263.5099405
2017-10-05 00:00:00+00:00,0.0,387452263.5099405
2017-10-06 00:00:00+00:00,0.0,387452263.5099405
2017-10-09 00:00:00+00:00,0.0,387452263.5099405
2017-10-10 00:00:00+00:00,0.0,392097823.3497066
2017-10-11 00:00:00+00:00,0.0,392097823.3497066
2017-10-12 00:00:00+00:00,0.0,392097823.3497066
2017-10-13 00:00:00+00:00,0.0,392097823.3497066
2017-10-16 00:00:00+00:00,0.0,392097823.3497066
2017-10-17 00:00:00+00:00,0.0,395495677.2571332
2017-10-18 00:00:00+00:00,0.0,395495677.2571332
2017-10-19 00:00:00+00:00,0.0,395495677.2571332
2017-10-20 00:00:00+00:00,0.0,395495677.2571332
2017-10-23 00:00:00+00:00,0.0,395495677.2571332
2017-10-24 00:00:00+00:00,0.0,389111802.87964785
2017-10-25 00:00:00+00:00,0.0,389111802.87964785
2017-10-26 00:00:00+00:00,0.0,389111802.87964785
2017-10-27 00:00:00+00:00,0.0,389111802.87964785
2017-10-30 00:00:00+00:00,0.0,389111802.87964785
2017-10-31 00:00:00+00:00,0.0,397577208.4809455
2017-11-01 00:00:00+00:00,0.0,397577208.4809455
2017-11-02 00:00:00+00:00,0.0,397577208.4809455
2017-11-03 00:00:00+00:00,0.0,397577208.4809455
2017-11-06 00:00:00+00:00,0.0,397577208.4809455
2017-11-07 00:00:00+00:00,0.0,397177272.6511364
2017-11-08 00:00:00+00:00,0.0,397177272.6511364
2017-11-09 00:00:00+00:00,0.0,397177272.6511364
2017-11-10 00:00:00+00:00,0.0,397177272.6511364
2017-11-13 00:00:00+00:00,0.0,397177272.6511364
2017-11-14 00:00:00+00:00,0.0,401405879.0766891
2017-11-15 00:00:00+00:00,0.0,401405879.0766891
2017-11-16 00:00:00+00:00,0.0,401405879.0766891
2017-11-17 00:00:00+00:00,0.0,401405879.0766891
2017-11-20 00:00:00+00:00,0.0,401405879.0766891
2017-11-21 00:00:00+00:00,0.0,410360867.4881197
2017-11-22 00:00:00+00:00,0.0,410360867.4881197
2017-11-23 00:00:00+00:00,0.0,410360867.4881197
2017-11-24 00:00:00+00:00,0.0,410360867.4881197
2017-11-27 00:00:00+00:00,0.0,410360867.4881197
2017-11-28 00:00:00+00:00,0.0,424656015.47519785
2017-11-29 00:00:00+00:00,0.0,424656015.47519785
2017-11-30 00:00:00+00:00,0.0,424656015.47519785
2017-12-01 00:00:00+00:00,0.0,424656015.47519785
2017-12-04 00:00:00+00:00,0.0,424656015.47519785
2017-12-05 00:00:00+00:00,0.0,437419517.7798396
2017-12-06 00:00:00+00:00,0.0,437419517.7798396
2017-12-07 00:00:00+00:00,0.0,437419517.7798396
2017-12-08 00:00:00+00:00,0.0,437419517.7798396
2017-12-11 00:00:00+00:00,0.0,437419517.7798396
2017-12-12 00:00:00+00:00,0.0,420839186.3222584
2017-12-13 00:00:00+00:00,0.0,420839186.3222584
2017-12-14 00:00:00+00:00,0.0,420839186.3222584
2017-12-15 00:00:00+00:00,0.0,420839186.3222584
2017-12-18 00:00:00+00:00,0.0,420839186.3222584
2017-12-19 00:00:00+00:00,0.0,434342349.2191882
2017-12-20 00:00:00+00:00,0.0,434342349.2191882
2017-12-21 00:00:00+00:00,0.0,434342349.2191882
2017-12-22 00:00:00+00:00,0.0,434342349.2191882
2017-12-25 00:00:00+00:00,0.0,434342349.2191882
2017-12-26 00:00:00+00:00,0.0,432743981.65604264
2017-12-27 00:00:00+00:00,0.0,432743981.65604264
2017-12-28 00:00:00+00:00,0.0,432743981.65604264
2017-12-29 00:00:00+00:00,0.0,432743981.65604264
2018-01-02 00:00:00+00:00,0.0,432743981.65604264
2018-01-03 00:00:00+00:00,0.0,444423491.3051828
2018-01-04 00:00:00+00:00,0.0,444423491.3051828
2018-01-05 00:00:00+00:00,0.0,444423491.3051828
2018-01-08 00:00:00+00:00,0.0,444423491.3051828
2018-01-09 00:00:00+00:00,0.0,444423491.3051828
2018-01-10 00:00:00+00:00,0.0,463195775.6373752
2018-01-11 00:00:00+00:00,0.0,463195775.6373752
2018-01-12 00:00:00+00:00,0.0,463195775.6373752
2018-01-15 00:00:00+00:00,0.0,463195775.6373752
2018-01-16 00:00:00+00:00,0.0,463195775.6373752
2018-01-17 00:00:00+00:00,0.0,466089614.0762285
2018-01-18 00:00:00+00:00,0.0,466089614.0762285
2018-01-19 00:00:00+00:00,0.0,466089614.0762285
2018-01-22 00:00:00+00:00,0.0,466089614.0762285
2018-01-23 00:00:00+00:00,0.0,466089614.0762285
2018-01-24 00:00:00+00:00,0.0,477513708.4610508
2018-01-25 00:00:00+00:00,0.0,477513708.4610508
2018-01-26 00:00:00+00:00,0.0,477513708.4610508
2018-01-29 00:00:00+00:00,0.0,477513708.4610508
2018-01-30 00:00:00+00:00,0.0,477513708.4610508
2018-01-31 00:00:00+00:00,0.0,490988980.41106445
2018-02-01 00:00:00+00:00,0.0,490988980.41106445
2018-02-02 00:00:00+00:00,0.0,490988980.41106445
2018-02-05 00:00:00+00:00,0.0,490988980.41106445
2018-02-06 00:00:00+00:00,0.0,490988980.41106445
2018-02-07 00:00:00+00:00,0.0,455666523.9576931
2018-02-08 00:00:00+00:00,0.0,455666523.9576931
2018-02-09 00:00:00+00:00,0.0,455666523.9576931
2018-02-12 00:00:00+00:00,0.0,455666523.9576931
2018-02-13 00:00:00+00:00,0.0,455666523.9576931
2018-02-21 00:00:00+00:00,0.0,476345353.8781793
2018-02-22 00:00:00+00:00,0.0,476345353.8781793
2018-02-23 00:00:00+00:00,0.0,476345353.8781793
2018-02-26 00:00:00+00:00,0.0,476345353.8781793
2018-02-27 00:00:00+00:00,0.0,476345353.8781793
2018-02-28 00:00:00+00:00,0.0,494662491.5428961
2018-03-01 00:00:00+00:00,0.0,494662491.5428961
2018-03-02 00:00:00+00:00,0.0,494662491.5428961
2018-03-05 00:00:00+00:00,0.0,494662491.5428961
2018-03-06 00:00:00+00:00,0.0,494662491.5428961
2018-03-07 00:00:00+00:00,0.0,506826224.8622035
2018-03-08 00:00:00+00:00,0.0,506826224.8622035
2018-03-09 00:00:00+00:00,0.0,506826224.8622035
2018-03-12 00:00:00+00:00,0.0,506826224.8622035
2018-03-13 00:00:00+00:00,0.0,506826224.8622035
2018-03-14 00:00:00+00:00,0.0,504268359.063899
2018-03-15 00:00:00+00:00,0.0,504268359.063899
2018-03-16 00:00:00+00:00,0.0,504268359.063899
2018-03-19 00:00:00+00:00,0.0,504268359.063899
2018-03-20 00:00:00+00:00,0.0,504268359.063899
2018-03-21 00:00:00+00:00,0.0,511735600.22917825
2018-03-22 00:00:00+00:00,0.0,511735600.22917825
2018-03-23 00:00:00+00:00,0.0,511735600.22917825
2018-03-26 00:00:00+00:00,0.0,511735600.22917825
2018-03-27 00:00:00+00:00,0.0,511735600.22917825
2018-03-28 00:00:00+00:00,0.0,517163327.3216658
2018-03-29 00:00:00+00:00,0.0,517163327.3216658
2018-03-30 00:00:00+00:00,0.0,517163327.3216658
2018-04-02 00:00:00+00:00,0.0,517163327.3216658
2018-04-03 00:00:00+00:00,0.0,517163327.3216658
2018-04-04 00:00:00+00:00,0.0,536070962.07367945
2018-04-05 00:00:00+00:00,0.0,536070962.07367945
2018-04-06 00:00:00+00:00,0.0,536070962.07367945
2018-04-09 00:00:00+00:00,0.0,536070962.07367945
2018-04-10 00:00:00+00:00,0.0,536070962.07367945
2018-04-11 00:00:00+00:00,0.0,537913342.9745286
2018-04-12 00:00:00+00:00,0.0,537913342.9745286
2018-04-13 00:00:00+00:00,0.0,537913342.9745286
2018-04-16 00:00:00+00:00,0.0,537913342.9745286
2018-04-17 00:00:00+00:00,0.0,537913342.9745286
2018-04-18 00:00:00+00:00,0.0,529718236.5493338
2018-04-19 00:00:00+00:00,0.0,529718236.5493338
2018-04-20 00:00:00+00:00,0.0,529718236.5493338
2018-04-23 00:00:00+00:00,0.0,529718236.5493338
2018-04-24 00:00:00+00:00,0.0,529718236.5493338
2018-04-26 00:00:00+00:00,0.0,502257526.1570091
2018-04-27 00:00:00+00:00,0.0,502257526.1570091
2018-05-02 00:00:00+00:00,0.0,502257526.1570091
2018-05-03 00:00:00+00:00,0.0,502257526.1570091
2018-05-04 00:00:00+00:00,0.0,502257526.1570091
2018-05-07 00:00:00+00:00,0.0,495527593.0399838
2018-05-08 00:00:00+00:00,0.0,495527593.0399838
2018-05-09 00:00:00+00:00,0.0,495527593.0399838
2018-05-10 00:00:00+00:00,0.0,495527593.0399838
2018-05-11 00:00:00+00:00,0.0,495527593.0399838
2018-05-14 00:00:00+00:00,0.0,476145305.6201766
2018-05-15 00:00:00+00:00,0.0,476145305.6201766
2018-05-16 00:00:00+00:00,0.0,476145305.6201766
2018-05-17 00:00:00+00:00,0.0,476145305.6201766
2018-05-18 00:00:00+00:00,0.0,476145305.6201766
2018-05-21 00:00:00+00:00,0.0,477297323.7506422
2018-05-22 00:00:00+00:00,0.0,477297323.7506422
2018-05-23 00:00:00+00:00,0.0,477297323.7506422
2018-05-24 00:00:00+00:00,0.0,477297323.7506422
2018-05-25 00:00:00+00:00,0.0,477297323.7506422
2018-05-28 00:00:00+00:00,0.0,445344303.99316055
2018-05-29 00:00:00+00:00,0.0,445344303.99316055
2018-05-30 00:00:00+00:00,0.0,445344303.99316055
2018-05-31 00:00:00+00:00,0.0,445344303.99316055
2018-06-01 00:00:00+00:00,0.0,445344303.99316055
2018-06-04 00:00:00+00:00,0.0,461491481.7732993
2018-06-05 00:00:00+00:00,0.0,461491481.7732993
2018-06-06 00:00:00+00:00,0.0,461491481.7732993
2018-06-07 00:00:00+00:00,0.0,461491481.7732993
2018-06-08 00:00:00+00:00,0.0,461491481.7732993
2018-06-11 00:00:00+00:00,0.0,461060459.5192261
2018-06-12 00:00:00+00:00,0.0,461060459.5192261
2018-06-13 00:00:00+00:00,0.0,461060459.5192261
2018-06-14 00:00:00+00:00,0.0,461060459.5192261
2018-06-15 00:00:00+00:00,0.0,461060459.5192261
2018-06-18 00:00:00+00:00,0.0,468524979.9645502
2018-06-19 00:00:00+00:00,0.0,468524979.9645502
2018-06-20 00:00:00+00:00,0.0,468524979.9645502
2018-06-21 00:00:00+00:00,0.0,468524979.9645502
2018-06-22 00:00:00+00:00,0.0,468524979.9645502
2018-06-25 00:00:00+00:00,336930249.90000004,452738346.61761785
2018-06-26 00:00:00+00:00,349626172.36,452738346.61761785
2018-06-27 00:00:00+00:00,354020914.75,452738346.61761785
2018-06-28 00:00:00+00:00,364275313.66,452738346.61761785
2018-06-29 00:00:00+00:00,380877673.8,452738346.61761785
2018-07-02 00:00:00+00:00,470497989.69,460449706.9869542
2018-07-03 00:00:00+00:00,465690858.25,460449706.9869542
2018-07-04 00:00:00+00:00,495735429.75,460449706.9869542
2018-07-05 00:00:00+00:00,498739886.90000004,460449706.9869542
2018-07-06 00:00:00+00:00,498739886.90000004,460449706.9869542
2018-07-09 00:00:00+00:00,443064011.45000005,474647863.4047547
2018-07-10 00:00:00+00:00,451771627.86,474647863.4047547
2018-07-11 00:00:00+00:00,467138009.75999993,474647863.4047547
2018-07-12 00:00:00+00:00,481479966.20000005,474647863.4047547
2018-07-13 00:00:00+00:00,477894477.09000003,474647863.4047547
2018-07-16 00:00:00+00:00,392164765.65,481068126.26324123
2018-07-17 00:00:00+00:00,392994743.99,481068126.26324123
2018-07-18 00:00:00+00:00,388014873.95,481068126.26324123
2018-07-19 00:00:00+00:00,393409733.16,481068126.26324123
2018-07-20 00:00:00+00:00,390089819.8,481068126.26324123
2018-07-23 00:00:00+00:00,394910469.94,504821870.63170683
2018-07-24 00:00:00+00:00,396616346.70000005,504821870.63170683
2018-07-25 00:00:00+00:00,388086962.9,504821870.63170683
2018-07-26 00:00:00+00:00,414954521.87,504821870.63170683
2018-07-27 00:00:00+00:00,443527957.6,504821870.63170683
2018-07-30 00:00:00+00:00,298860816.8,528774889.8636628
2018-07-31 00:00:00+00:00,294550324.25,528774889.8636628
2018-08-01 00:00:00+00:00,298860816.8,528774889.8636628
2018-08-02 00:00:00+00:00,306044971.05,528774889.8636628
2018-08-03 00:00:00+00:00,307481801.9,528774889.8636628
2018-08-06 00:00:00+00:00,364231563.75,527835503.49043334
2018-08-07 00:00:00+00:00,357756335.95000005,527835503.49043334
2018-08-08 00:00:00+00:00,351281108.15,527835503.49043334
2018-08-09 00:00:00+00:00,359375142.9,527835503.49043334
2018-08-10 00:00:00+00:00,362612756.79999995,527835503.49043334
2018-08-13 00:00:00+00:00,340896895.2,527105850.78383917
2018-08-14 00:00:00+00:00,340896895.2,527105850.78383917
2018-08-15 00:00:00+00:00,339361323.6,527105850.78383917
2018-08-16 00:00:00+00:00,356252611.2,527105850.78383917
2018-08-17 00:00:00+00:00,365466040.8,527105850.78383917
2018-08-20 00:00:00+00:00,360087494.0,528569141.92159957
2018-08-21 00:00:00+00:00,335037929.2,528569141.92159957
2018-08-22 00:00:00+00:00,311867081.76000005,528569141.92159957
2018-08-23 00:00:00+00:00,291201190.8,528569141.92159957
2018-08-24 00:00:00+00:00,296837342.88,528569141.92159957
2018-08-27 00:00:00+00:00,263612754.0,522350074.2525225
2018-08-28 00:00:00+00:00,262210558.5,522350074.2525225
2018-08-29 00:00:00+00:00,259406167.5,522350074.2525225
2018-08-30 00:00:00+00:00,263612754.0,522350074.2525225
2018-08-31 00:00:00+00:00,262210558.5,522350074.2525225
2018-09-04 00:00:00+00:00,0.0,529852182.8301205
2018-09-05 00:00:00+00:00,0.0,529852182.8301205
2018-09-06 00:00:00+00:00,0.0,529852182.8301205
2018-09-07 00:00:00+00:00,0.0,529852182.8301205
2018-09-10 00:00:00+00:00,0.0,529852182.8301205
2018-09-11 00:00:00+00:00,0.0,530774384.10489106
2018-09-12 00:00:00+00:00,0.0,530774384.10489106
2018-09-13 00:00:00+00:00,0.0,530774384.10489106
2018-09-14 00:00:00+00:00,0.0,530774384.10489106
2018-09-17 00:00:00+00:00,0.0,530774384.10489106
2018-09-18 00:00:00+00:00,0.0,554772321.2585471
2018-09-19 00:00:00+00:00,0.0,554772321.2585471
2018-09-20 00:00:00+00:00,0.0,554772321.2585471
2018-09-21 00:00:00+00:00,0.0,554772321.2585471
2018-09-24 00:00:00+00:00,0.0,554772321.2585471
2018-09-25 00:00:00+00:00,219801071.99999997,558614140.596904
2018-09-26 00:00:00+00:00,223114656.0,558614140.596904
2018-09-27 00:00:00+00:00,228637296.0,558614140.596904
2018-09-28 00:00:00+00:00,231950880.0,558614140.596904
2018-10-01 00:00:00+00:00,226428240.0,558614140.596904
2018-10-02 00:00:00+00:00,199460460.0,551219336.8145465
2018-10-03 00:00:00+00:00,200457762.3,551219336.8145465
2018-10-04 00:00:00+00:00,199460460.0,551219336.8145465
2018-10-05 00:00:00+00:00,200457762.3,551219336.8145465
2018-10-08 00:00:00+00:00,199460460.0,551219336.8145465
2018-10-09 00:00:00+00:00,0.0,544451065.6340334
2018-10-10 00:00:00+00:00,0.0,544451065.6340334
2018-10-11 00:00:00+00:00,0.0,544451065.6340334
2018-10-12 00:00:00+00:00,0.0,544451065.6340334
2018-10-15 00:00:00+00:00,0.0,544451065.6340334
2018-10-16 00:00:00+00:00,0.0,538047480.3645693
2018-10-17 00:00:00+00:00,0.0,538047480.3645693
2018-10-18 00:00:00+00:00,0.0,538047480.3645693
2018-10-19 00:00:00+00:00,0.0,538047480.3645693
2018-10-22 00:00:00+00:00,0.0,538047480.3645693
2018-10-23 00:00:00+00:00,0.0,538912484.2435553
2018-10-24 00:00:00+00:00,0.0,538912484.2435553
2018-10-25 00:00:00+00:00,0.0,538912484.2435553
2018-10-26 00:00:00+00:00,0.0,538912484.2435553
2018-10-29 00:00:00+00:00,0.0,538912484.2435553
2018-10-30 00:00:00+00:00,0.0,512982995.01008546
2018-10-31 00:00:00+00:00,0.0,512982995.01008546
2018-11-01 00:00:00+00:00,0.0,512982995.01008546
2018-11-02 00:00:00+00:00,0.0,512982995.01008546
2018-11-05 00:00:00+00:00,0.0,512982995.01008546
2018-11-06 00:00:00+00:00,0.0,525258939.71798533
2018-11-07 00:00:00+00:00,0.0,525258939.71798533
2018-11-08 00:00:00+00:00,0.0,525258939.71798533
2018-11-09 00:00:00+00:00,0.0,525258939.71798533
2018-11-12 00:00:00+00:00,0.0,525258939.71798533
2018-11-13 00:00:00+00:00,0.0,526680826.00877184
2018-11-14 00:00:00+00:00,0.0,526680826.00877184
2018-11-15 00:00:00+00:00,0.0,526680826.00877184
2018-11-16 00:00:00+00:00,0.0,526680826.00877184
2018-11-19 00:00:00+00:00,0.0,526680826.00877184
2018-11-20 00:00:00+00:00,187820088.75,533717082.1146222
2018-11-21 00:00:00+00:00,186836737.5,533717082.1146222
2018-11-22 00:00:00+00:00,185853386.25,533717082.1146222
2018-11-23 00:00:00+00:00,183886683.75,533717082.1146222
2018-11-26 00:00:00+00:00,182903332.5,533717082.1146222
2018-11-27 00:00:00+00:00,0.0,535544978.67793846
2018-11-28 00:00:00+00:00,0.0,535544978.67793846
2018-11-29 00:00:00+00:00,0.0,535544978.67793846
2018-11-30 00:00:00+00:00,0.0,535544978.67793846
2018-12-03 00:00:00+00:00,0.0,535544978.67793846
2018-12-04 00:00:00+00:00,0.0,539645865.6543118
2018-12-05 00:00:00+00:00,0.0,539645865.6543118
2018-12-06 00:00:00+00:00,0.0,539645865.6543118
2018-12-07 00:00:00+00:00,0.0,539645865.6543118
2018-12-10 00:00:00+00:00,0.0,539645865.6543118
2018-12-11 00:00:00+00:00,0.0,539709478.5373905
2018-12-12 00:00:00+00:00,0.0,539709478.5373905
2018-12-13 00:00:00+00:00,0.0,539709478.5373905
2018-12-14 00:00:00+00:00,0.0,539709478.5373905
2018-12-17 00:00:00+00:00,0.0,539709478.5373905
2018-12-18 00:00:00+00:00,165004059.60000002,534628700.79316837
2018-12-19 00:00:00+00:00,164116941.0,534628700.79316837
2018-12-20 00:00:00+00:00,164649212.16,534628700.79316837
2018-12-21 00:00:00+00:00,168552534.0,534628700.79316837
2018-12-24 00:00:00+00:00,168197686.56,534628700.79316837
2018-12-25 00:00:00+00:00,213453451.20000002,533205174.98981726
2018-12-26 00:00:00+00:00,211158252.79999998,533205174.98981726
2018-12-27 00:00:00+00:00,210699213.12,533205174.98981726
2018-12-28 00:00:00+00:00,209781133.76000002,533205174.98981726
2019-01-02 00:00:00+00:00,211158252.79999998,533205174.98981726
2019-01-03 00:00:00+00:00,0.0,511139447.88031036
2019-01-04 00:00:00+00:00,0.0,511139447.88031036
2019-01-07 00:00:00+00:00,0.0,511139447.88031036
2019-01-08 00:00:00+00:00,0.0,511139447.88031036
2019-01-09 00:00:00+00:00,0.0,511139447.88031036
2019-01-10 00:00:00+00:00,0.0,516852174.9749178
2019-01-11 00:00:00+00:00,0.0,516852174.9749178
2019-01-14 00:00:00+00:00,0.0,516852174.9749178
2019-01-15 00:00:00+00:00,0.0,516852174.9749178
2019-01-16 00:00:00+00:00,0.0,516852174.9749178
2019-01-17 00:00:00+00:00,0.0,518287289.7677868
2019-01-18 00:00:00+00:00,0.0,518287289.7677868
2019-01-21 00:00:00+00:00,0.0,518287289.7677868
2019-01-22 00:00:00+00:00,0.0,518287289.7677868
2019-01-23 00:00:00+00:00,0.0,518287289.7677868
2019-01-24 00:00:00+00:00,177246030.0,525312509.487489
2019-01-25 00:00:00+00:00,176882448.4,525312509.487489
2019-01-28 00:00:00+00:00,174155586.4,525312509.487489
2019-01-29 00:00:00+00:00,167429326.8,525312509.487489
2019-01-30 00:00:00+00:00,170337979.6,525312509.487489
2019-01-31 00:00:00+00:00,160082563.48000002,522185911.86614454
2019-02-01 00:00:00+00:00,161124315.51999998,522185911.86614454
2019-02-11 00:00:00+00:00,160603439.5,522185911.86614454
2019-02-12 00:00:00+00:00,161471566.20000002,522185911.86614454
2019-02-13 00:00:00+00:00,160950690.18,522185911.86614454
2019-02-14 00:00:00+00:00,0.0,535901180.7223195
2019-02-15 00:00:00+00:00,0.0,535901180.7223195
2019-02-18 00:00:00+00:00,0.0,535901180.7223195
2019-02-19 00:00:00+00:00,0.0,535901180.7223195
2019-02-20 00:00:00+00:00,0.0,535901180.7223195
2019-02-21 00:00:00+00:00,0.0,535097337.602403
2019-02-22 00:00:00+00:00,0.0,535097337.602403
2019-02-25 00:00:00+00:00,0.0,535097337.602403
2019-02-26 00:00:00+00:00,0.0,535097337.602403
2019-02-27 00:00:00+00:00,0.0,535097337.602403
2019-02-28 00:00:00+00:00,112836529.3,545801330.2027491
2019-03-01 00:00:00+00:00,111991763.83999999,545801330.2027491
2019-03-04 00:00:00+00:00,111750402.28,545801330.2027491
2019-03-05 00:00:00+00:00,112474486.96000001,545801330.2027491
2019-03-06 00:00:00+00:00,112474486.96000001,545801330.2027491
2019-03-07 00:00:00+00:00,109695474.24,556309522.0788485
2019-03-08 00:00:00+00:00,109695474.24,556309522.0788485
2019-03-11 00:00:00+00:00,109340855.25,556309522.0788485
2019-03-12 00:00:00+00:00,109695474.24,556309522.0788485
2019-03-13 00:00:00+00:00,109340855.25,556309522.0788485
2019-03-14 00:00:00+00:00,0.0,557142377.1565319
2019-03-15 00:00:00+00:00,0.0,557142377.1565319
2019-03-18 00:00:00+00:00,0.0,557142377.1565319
2019-03-19 00:00:00+00:00,0.0,557142377.1565319
2019-03-20 00:00:00+00:00,0.0,557142377.1565319
2019-03-21 00:00:00+00:00,68746316.10000001,571391152.2153645
2019-03-22 00:00:00+00:00,67267900.7,571391152.2153645
2019-03-25 00:00:00+00:00,69189840.72,571391152.2153645
2019-03-26 00:00:00+00:00,68376712.25,571391152.2153645
2019-03-27 00:00:00+00:00,68154949.94,571391152.2153645
2019-03-28 00:00:00+00:00,0.0,560896931.1917907
2019-03-29 00:00:00+00:00,0.0,560896931.1917907
2019-04-01 00:00:00+00:00,0.0,560896931.1917907
2019-04-02 00:00:00+00:00,0.0,560896931.1917907
2019-04-03 00:00:00+00:00,0.0,560896931.1917907
2019-04-04 00:00:00+00:00,0.0,557245525.0113254
2019-04-05 00:00:00+00:00,0.0,557245525.0113254
2019-04-08 00:00:00+00:00,0.0,557245525.0113254
2019-04-09 00:00:00+00:00,0.0,557245525.0113254
2019-04-10 00:00:00+00:00,0.0,557245525.0113254
2019-04-11 00:00:00+00:00,93631723.5,561078871.4986074
2019-04-12 00:00:00+00:00,99873838.39999999,561078871.4986074
2019-04-16 00:00:00+00:00,105670087.95,561078871.4986074
2019-04-17 00:00:00+00:00,112803933.55,561078871.4986074
2019-04-18 00:00:00+00:00,119046048.45,561078871.4986074
2019-04-19 00:00:00+00:00,111637842.75,560136025.9205852
2019-04-22 00:00:00+00:00,104015982.0,560136025.9205852
2019-04-23 00:00:00+00:00,104015982.0,560136025.9205852
2019-04-24 00:00:00+00:00,98635845.0,560136025.9205852
2019-04-25 00:00:00+00:00,95049087.0,560136025.9205852
2019-04-26 00:00:00+00:00,133132072.8,555796445.3230629
2019-05-02 00:00:00+00:00,137700330.20000002,555796445.3230629
2019-05-03 00:00:00+00:00,139658154.79999998,555796445.3230629
2019-05-06 00:00:00+00:00,136395113.79999998,555796445.3230629
2019-05-07 00:00:00+00:00,136395113.79999998,555796445.3230629
2019-05-08 00:00:00+00:00,146197459.65,557725593.6837162
2019-05-09 00:00:00+00:00,144824713.55,557725593.6837162
2019-05-10 00:00:00+00:00,144824713.55,557725593.6837162
2019-05-13 00:00:00+00:00,148942951.85,557725593.6837162
2019-05-14 00:00:00+00:00,145511086.6,557725593.6837162
2019-05-15 00:00:00+00:00,105730861.5,557956196.2892892
2019-05-16 00:00:00+00:00,107278142.4,557956196.2892892
2019-05-17 00:00:00+00:00,106246621.80000001,557956196.2892892
2019-05-20 00:00:00+00:00,106762382.1,557956196.2892892
2019-05-21 00:00:00+00:00,108825423.30000001,557956196.2892892
2019-05-22 00:00:00+00:00,73453318.64999999,563781935.8115065
2019-05-23 00:00:00+00:00,73098471.7,563781935.8115065
2019-05-24 00:00:00+00:00,73453318.64999999,563781935.8115065
2019-05-27 00:00:00+00:00,73453318.64999999,563781935.8115065
2019-05-28 00:00:00+00:00,76292094.25,563781935.8115065
2019-05-29 00:00:00+00:00,102916806.0,569263032.5573317
2019-05-30 00:00:00+00:00,101556672.0,569263032.5573317
2019-05-31 00:00:00+00:00,99743160.0,569263032.5573317
2019-06-03 00:00:00+00:00,100196538.0,569263032.5573317
2019-06-04 00:00:00+00:00,100649916.0,569263032.5573317
2019-06-05 00:00:00+00:00,129366260.8,563410474.321875
2019-06-06 00:00:00+00:00,134564012.35,563410474.321875
2019-06-07 00:00:00+00:00,136296596.20000002,563410474.321875
2019-06-10 00:00:00+00:00,144381987.5,563410474.321875
2019-06-11 00:00:00+00:00,140339291.85,563410474.321875
2019-06-12 00:00:00+00:00,104610821.80000001,569289307.7307131
2019-06-13 00:00:00+00:00,105044891.6,569289307.7307131
2019-06-14 00:00:00+00:00,105478961.4,569289307.7307131
2019-06-17 00:00:00+00:00,105913031.19999999,569289307.7307131
2019-06-18 00:00:00+00:00,106781170.80000001,569289307.7307131
2019-06-19 00:00:00+00:00,125046784.8,563838975.3411748
2019-06-20 00:00:00+00:00,116611089.0,563838975.3411748
2019-06-21 00:00:00+00:00,108671610.6,563838975.3411748
2019-06-24 00:00:00+00:00,105198088.8,563838975.3411748
2019-06-25 00:00:00+00:00,103213219.2,563838975.3411748
2019-06-26 00:00:00+00:00,0.0,563098227.2500849
2019-06-27 00:00:00+00:00,0.0,563098227.2500849
2019-06-28 00:00:00+00:00,0.0,563098227.2500849
2019-07-01 00:00:00+00:00,0.0,563098227.2500849
2019-07-02 00:00:00+00:00,0.0,563098227.2500849
2019-07-03 00:00:00+00:00,0.0,568951987.359442
2019-07-04 00:00:00+00:00,0.0,568951987.359442
2019-07-05 00:00:00+00:00,0.0,568951987.359442
2019-07-08 00:00:00+00:00,0.0,568951987.359442
2019-07-09 00:00:00+00:00,0.0,568951987.359442
2019-07-10 00:00:00+00:00,0.0,578803809.3051764
2019-07-11 00:00:00+00:00,0.0,578803809.3051764
2019-07-12 00:00:00+00:00,0.0,578803809.3051764
2019-07-15 00:00:00+00:00,0.0,578803809.3051764
2019-07-16 00:00:00+00:00,0.0,578803809.3051764
2019-07-17 00:00:00+00:00,0.0,586811667.1223377
2019-07-18 00:00:00+00:00,0.0,586811667.1223377
2019-07-19 00:00:00+00:00,0.0,586811667.1223377
2019-07-22 00:00:00+00:00,0.0,586811667.1223377
2019-07-23 00:00:00+00:00,0.0,586811667.1223377
2019-07-24 00:00:00+00:00,0.0,587245683.6740395
2019-07-25 00:00:00+00:00,0.0,587245683.6740395
2019-07-26 00:00:00+00:00,0.0,587245683.6740395
2019-07-29 00:00:00+00:00,0.0,587245683.6740395
2019-07-30 00:00:00+00:00,0.0,587245683.6740395
2019-07-31 00:00:00+00:00,0.0,590555433.7368706
2019-08-01 00:00:00+00:00,0.0,590555433.7368706
2019-08-02 00:00:00+00:00,0.0,590555433.7368706
2019-08-05 00:00:00+00:00,0.0,590555433.7368706
2019-08-06 00:00:00+00:00,0.0,590555433.7368706
2019-08-07 00:00:00+00:00,0.0,607162432.8480829
2019-08-08 00:00:00+00:00,0.0,607162432.8480829
2019-08-09 00:00:00+00:00,0.0,607162432.8480829
2019-08-12 00:00:00+00:00,0.0,607162432.8480829
2019-08-13 00:00:00+00:00,0.0,607162432.8480829
2019-08-14 00:00:00+00:00,0.0,611154034.6595935
2019-08-15 00:00:00+00:00,0.0,611154034.6595935
2019-08-16 00:00:00+00:00,0.0,611154034.6595935
2019-08-19 00:00:00+00:00,0.0,611154034.6595935
2019-08-20 00:00:00+00:00,0.0,611154034.6595935
2019-08-21 00:00:00+00:00,0.0,628400837.5566378
2019-08-22 00:00:00+00:00,0.0,628400837.5566378
2019-08-23 00:00:00+00:00,0.0,628400837.5566378
2019-08-26 00:00:00+00:00,0.0,628400837.5566378
2019-08-27 00:00:00+00:00,0.0,628400837.5566378
2019-08-28 00:00:00+00:00,0.0,620389125.2155406
2019-08-29 00:00:00+00:00,0.0,620389125.2155406
2019-08-30 00:00:00+00:00,0.0,620389125.2155406
2019-09-03 00:00:00+00:00,0.0,620389125.2155406
2019-09-04 00:00:00+00:00,0.0,620389125.2155406
2019-09-05 00:00:00+00:00,0.0,613256133.7488711
2019-09-06 00:00:00+00:00,0.0,613256133.7488711
2019-09-09 00:00:00+00:00,0.0,613256133.7488711
2019-09-10 00:00:00+00:00,0.0,613256133.7488711
2019-09-11 00:00:00+00:00,0.0,613256133.7488711
2019-09-12 00:00:00+00:00,0.0,607664582.0359036
2019-09-13 00:00:00+00:00,0.0,607664582.0359036
2019-09-16 00:00:00+00:00,0.0,607664582.0359036
2019-09-17 00:00:00+00:00,0.0,607664582.0359036
2019-09-18 00:00:00+00:00,0.0,607664582.0359036
2019-09-19 00:00:00+00:00,0.0,624736424.7617096
2019-09-20 00:00:00+00:00,0.0,624736424.7617096
2019-09-23 00:00:00+00:00,0.0,624736424.7617096
2019-09-24 00:00:00+00:00,0.0,624736424.7617096
2019-09-25 00:00:00+00:00,0.0,624736424.7617096
2019-09-26 00:00:00+00:00,0.0,631925298.3187627
2019-09-27 00:00:00+00:00,0.0,631925298.3187627
2019-09-30 00:00:00+00:00,0.0,631925298.3187627
2019-10-01 00:00:00+00:00,0.0,631925298.3187627
2019-10-02 00:00:00+00:00,0.0,631925298.3187627
2019-10-03 00:00:00+00:00,74508123.8,629588921.7978542
2019-10-04 00:00:00+00:00,74508123.8,629588921.7978542
2019-10-07 00:00:00+00:00,73082131.0,629588921.7978542
2019-10-08 00:00:00+00:00,72369134.60000001,629588921.7978542
2019-10-09 00:00:00+00:00,72725632.8,629588921.7978542
2019-10-10 00:00:00+00:00,0.0,635272662.0288287
2019-10-11 00:00:00+00:00,0.0,635272662.0288287
2019-10-14 00:00:00+00:00,0.0,635272662.0288287
2019-10-15 00:00:00+00:00,0.0,635272662.0288287
2019-10-16 00:00:00+00:00,0.0,635272662.0288287
2019-10-17 00:00:00+00:00,79639792.75,632202283.7885213
2019-10-18 00:00:00+00:00,79639792.75,632202283.7885213
2019-10-21 00:00:00+00:00,78384387.15,632202283.7885213
2019-10-22 00:00:00+00:00,78462850.0,632202283.7885213
2019-10-23 00:00:00+00:00,78462850.0,632202283.7885213
2019-10-24 00:00:00+00:00,0.0,634539257.4400827
2019-10-25 00:00:00+00:00,0.0,634539257.4400827
2019-10-28 00:00:00+00:00,0.0,634539257.4400827
2019-10-29 00:00:00+00:00,0.0,634539257.4400827
2019-10-30 00:00:00+00:00,0.0,634539257.4400827
2019-10-31 00:00:00+00:00,0.0,639808473.4779449
2019-11-01 00:00:00+00:00,0.0,639808473.4779449
2019-11-04 00:00:00+00:00,0.0,639808473.4779449
2019-11-05 00:00:00+00:00,0.0,639808473.4779449
2019-11-06 00:00:00+00:00,0.0,639808473.4779449
2019-11-07 00:00:00+00:00,0.0,648790967.0972946
2019-11-08 00:00:00+00:00,0.0,648790967.0972946
2019-11-11 00:00:00+00:00,0.0,648790967.0972946
2019-11-12 00:00:00+00:00,0.0,648790967.0972946
2019-11-13 00:00:00+00:00,0.0,648790967.0972946
2019-11-14 00:00:00+00:00,0.0,649017900.4749681
2019-11-15 00:00:00+00:00,0.0,649017900.4749681
2019-11-18 00:00:00+00:00,0.0,649017900.4749681
2019-11-19 00:00:00+00:00,0.0,649017900.4749681
2019-11-20 00:00:00+00:00,0.0,649017900.4749681
2019-11-21 00:00:00+00:00,0.0,647996623.2198462
2019-11-22 00:00:00+00:00,0.0,647996623.2198462
2019-11-25 00:00:00+00:00,0.0,647996623.2198462
2019-11-26 00:00:00+00:00,0.0,647996623.2198462
2019-11-27 00:00:00+00:00,0.0,647996623.2198462
2019-11-28 00:00:00+00:00,0.0,637149571.0776381
2019-11-29 00:00:00+00:00,0.0,637149571.0776381
2019-12-02 00:00:00+00:00,0.0,637149571.0776381
2019-12-03 00:00:00+00:00,0.0,637149571.0776381
2019-12-04 00:00:00+00:00,0.0,637149571.0776381
2019-12-05 00:00:00+00:00,0.0,646038390.778569
2019-12-06 00:00:00+00:00,0.0,646038390.778569
2019-12-09 00:00:00+00:00,0.0,646038390.778569
2019-12-10 00:00:00+00:00,0.0,646038390.778569
2019-12-11 00:00:00+00:00,0.0,646038390.778569
2019-12-12 00:00:00+00:00,0.0,654358359.8665006
2019-12-13 00:00:00+00:00,0.0,654358359.8665006
2019-12-16 00:00:00+00:00,0.0,654358359.8665006
2019-12-17 00:00:00+00:00,0.0,654358359.8665006
2019-12-18 00:00:00+00:00,0.0,654358359.8665006
